Criteria ID,City
9031292,"El Cajon, CA"
9028721,"Aurora, CO"
9028751,"Centennial, CO"
9028784,"Denver, CO"
9028724,"Commerce City, CO"
9028716,"Aurora, CO"
9031290,"El Cajon, CA"
9031276,"National City, CA"
9031273,"La Mesa, CA"
9028789,"Lakewood, CO"
9028714,"Aurora, CO"
9028719,"Aurora, CO"
9028749,"Littleton, CO"
9028723,"Broomfield, CO"
9028792,"Thornton, CO"
9031297,"Fallbrook, CA"
9031309,"Poway, CA"
9030112,"Avondale, AZ"
9029976,"Phoenix, AZ"
9030009,"Phoenix, AZ"
9029967,"Phoenix, AZ"
9030070,"Scottsdale, AZ"
9030071,"Scottsdale, AZ"
9030159,"Peoria, AZ"
9029981,"Phoenix, AZ"
9029969,"Phoenix, AZ"
9030163,"Goodyear, AZ"
9030123,"El Mirage, AZ"
9030001,"Phoenix, AZ"
9030089,"Tempe, AZ"
9029987,"Phoenix, AZ"
9030141,"Waddell, AZ"
9029980,"Phoenix, AZ"
9030126,"Goodyear, AZ"
9029996,"Phoenix, AZ"
9029994,"Phoenix, AZ"
9029988,"Phoenix, AZ"
9030106,"Glendale, AZ"
9030075,"Scottsdale, AZ"
9029971,"Phoenix, AZ"
9029968,"Phoenix, AZ"
9030072,"Scottsdale, AZ"
9029998,"Phoenix, AZ"
9030008,"Phoenix, AZ"
9030087,"Tempe, AZ"
9029975,"Phoenix, AZ"
9030105,"Glendale, AZ"
9029983,"Phoenix, AZ"
9029999,"Phoenix, AZ"
9030014,"Casa Grande, AZ"
9030020,"Maricopa, AZ"
9030019,"Maricopa, AZ"
9030034,"Mesa, AZ"
9030021,"Queen Creek, AZ"
9030011,"Apache Junction, AZ"
9030145,"Wittmann, AZ"
9030033,"Mesa, AZ"
9030029,"Mesa, AZ"
9030028,"Casa Grande, AZ"
9030076,"Scottsdale, AZ"
9029997,"Phoenix, AZ"
9030080,"Scottsdale, AZ"
9030017,"Florence, AZ"
9030165,"Buckeye, AZ"
9030157,"Peoria, AZ"
9030098,"Gilbert, AZ"
9029982,"Phoenix, AZ"
9029984,"Phoenix, AZ"
9030081,"Scottsdale, AZ"
9029993,"Phoenix, AZ"
9030132,"Peoria, AZ"
9053835,"Queen Creek, AZ"
9030003,"Phoenix, AZ"
9030030,"Mesa, AZ"
9029991,"Phoenix, AZ"
9029978,"Phoenix, AZ"
9030015,"Coolidge, AZ"
9030055,"Gilbert, AZ"
9030032,"Mesa, AZ"
9030050,"Chandler, AZ"
9030095,"Gilbert, AZ"
9030012,"Apache Junction, AZ"
9030096,"Gilbert, AZ"
9030161,"Surprise, AZ"
9053836,"Queen Creek, AZ"
9028772,"Denver, CO"
9028802,"Denver, CO"
9028731,"Wheat Ridge, CO"
9028824,"Golden, CO"
9028797,"Northglenn, CO"
9028722,"Broomfield, CO"
9028770,"Denver, CO"
9031301,"Lakeside, CA"
9028709,"Arvada, CO"
9028744,"Greenwood Village, CO"
9028753,"Highlands Ranch, CO"
9028710,"Arvada, CO"
9028708,"Arvada, CO"
9028783,"Denver, CO"
9028712,"Aurora, CO"
9028804,"Denver, CO"
9028711,"Arvada, CO"
9028750,"Centennial, CO"
9028779,"Lakewood, CO"
9028752,"Littleton, CO"
9028730,"Westminster, CO"
9028796,"Northglenn, CO"
9028791,"Lakewood, CO"
9028808,"Denver, CO"
9028786,"Denver, CO"
9028782,"Denver, CO"
9028758,"Highlands Ranch, CO"
9028803,"Northglenn, CO"
9028805,"Denver, CO"
9028781,"Denver, CO"
9028794,"Denver, CO"
9028768,"Denver, CO"
9029970,"Phoenix, AZ"
9028801,"Denver, CO"
9028775,"Denver, CO"
9028816,"Denver, CO"
9029750,"Riverton, UT"
9030049,"Chandler, AZ"
9032063,"Oakland, CA"
9027194,"Arlington, TX"
9030978,"Vernon, CA"
9033333,"Shoreline, WA"
9031053,"Whittier, CA"
9015307,"Cleveland, OH"
9012132,"Saint Petersburg, FL"
9026797,"Allen, TX"
9030980,"Los Angeles, CA"
9031532,"Irvine, CA"
9027196,"Arlington, TX"
9031550,"Newport Beach, CA"
9029758,"Salt Lake City, UT"
9032068,"Oakland, CA"
9003631,"Dumont, NJ"
9026945,"Dallas, TX"
9014872,"Dublin, OH"
9033479,"Tacoma, WA"
9026808,"Frisco, TX"
9027257,"Fort Worth, TX"
9012097,"Tampa, FL"
9031239,"Diamond Bar, CA"
9031225,"La Puente, CA"
9014938,"Lockbourne, OH"
9014982,"Columbus, OH"
9031017,"Lynwood, CA"
9031104,"Arcadia, CA"
9031279,"Spring Valley, CA"
9031933,"San Bruno, CA"
9014961,"Columbus, OH"
9009669,"Cary, NC"
9031254,"West Covina, CA"
9032028,"Pinole, CA"
9007269,"Sharon Hill, PA"
9027274,"Fort Worth, TX"
9026825,"Irving, TX"
9032029,"Pittsburg, CA"
9033430,"Gig Harbor, WA"
9026809,"Irving, TX"
9032056,"Walnut Creek, CA"
9032002,"Antioch, CA"
9031084,"Carson, CA"
9031032,"Inglewood, CA"
9031027,"South Gate, CA"
9033275,"Kent, WA"
9027251,"Fort Worth, TX"
9031263,"Chula Vista, CA"
9031956,"San Francisco, CA"
9033250,"Auburn, WA"
9033290,"Renton, WA"
9031252,"West Covina, CA"
9031163,"Sylmar, CA"
9033346,"Everett, WA"
9014973,"Columbus, OH"
9014929,"Galloway, OH"
9004042,"Branchburg, NJ"
9031545,"Laguna Niguel, CA"
9007286,"Philadelphia, PA"
9026792,"Allen, TX"
9031537,"Costa Mesa, CA"
9031050,"Whittier, CA"
9031083,"Carson, CA"
9033293,"Renton, WA"
9032047,"Union City, CA"
9031149,"Encino, CA"
9031219,"El Monte, CA"
9031009,"Gardena, CA"
9027246,"Southlake, TX"
9026906,"Dallas, TX"
9030939,"Los Angeles, CA"
9033276,"Kirkland, WA"
9033294,"Renton, WA"
9032020,"Fremont, CA"
9031106,"Monrovia, CA"
9031562,"Rancho Santa Margarita, CA"
9031002,"Compton, CA"
9030928,"Los Angeles, CA"
9031508,"Murrieta, CA"
9031062,"Norwalk, CA"
9031981,"Danville, CA"
9029745,"West Jordan, UT"
9031594,"Garden Grove, CA"
9004024,"Metuchen, NJ"
9003781,"Blackwood, NJ"
9007233,"Drexel Hill, PA"
9031038,"Santa Monica, CA"
9030971,"West Hollywood, CA"
9026835,"Plano, TX"
9027262,"Haltom City, TX"
9031187,"Van Nuys, CA"
9014981,"Columbus, OH"
9031142,"Agoura Hills, CA"
9015253,"Chagrin Falls, OH"
9026832,"Mckinney, TX"
9026824,"Irving, TX"
9033428,"Gig Harbor, WA"
9027229,"Kennedale, TX"
9027200,"Arlington, TX"
9026819,"Grand Prairie, TX"
9031052,"Whittier, CA"
9012096,"Tampa, FL"
9031202,"North Hollywood, CA"
9031006,"Downey, CA"
9016241,"Goshen, IN"
9027266,"Fort Worth, TX"
9032012,"Hayward, CA"
9009729,"Raleigh, NC"
9030942,"Los Angeles, CA"
9014986,"Columbus, OH"
9031580,"Anaheim, CA"
9030943,"Los Angeles, CA"
9026904,"Dallas, TX"
9031528,"Irvine, CA"
9026861,"Desoto, TX"
9009703,"Morrisville, NC"
9027283,"Fort Worth, TX"
9031061,"Montebello, CA"
9031938,"San Francisco, CA"
9027275,"Fort Worth, TX"
9030997,"Beverly Hills, CA"
9032064,"Emeryville, CA"
9033501,"Tacoma, WA"
9031151,"Newhall, CA"
9029744,"Bountiful, UT"
9030946,"Los Angeles, CA"
9005104,"Jamesville, NY"
9032077,"Berkeley, CA"
9032011,"Hayward, CA"
9032084,"Richmond, CA"
9014904,"Reynoldsburg, OH"
9027276,"Fort Worth, TX"
9033258,"Black Diamond, WA"
9027317,"Roanoke, TX"
9031189,"Sherman Oaks, CA"
9033351,"Everett, WA"
9026829,"Lewisville, TX"
9033336,"Burien, WA"
9012141,"Clearwater, FL"
9014900,"Plain City, OH"
9031486,"Riverside, CA"
9014968,"Columbus, OH"
9014988,"Columbus, OH"
9027192,"Aledo, TX"
9033338,"Seattle, WA"
9033251,"Auburn, WA"
9033288,"Redmond, WA"
9026834,"Plano, TX"
9031488,"Riverside, CA"
9012372,"New Port Richey, FL"
9014899,"Pataskala, OH"
9014913,"Westerville, OH"
9026793,"Carrollton, TX"
9033394,"Everett, WA"
9007320,"Philadelphia, PA"
9012138,"Clearwater, FL"
9032009,"Hayward, CA"
9032014,"Hercules, CA"
9033495,"Tacoma, WA"
9009741,"Raleigh, NC"
9027265,"Fort Worth, TX"
9031941,"San Francisco, CA"
9012142,"Clearwater, FL"
9033307,"Seattle, WA"
9026804,"Plano, TX"
9027225,"Hurst, TX"
9027224,"Hurst, TX"
9032061,"Oakland, CA"
9033497,"Tacoma, WA"
9023243,"Kansas City, MO"
9033318,"Seattle, WA"
9033305,"Seattle, WA"
9027198,"Arlington, TX"
9012113,"Tampa, FL"
9027307,"Keller, TX"
9032088,"San Pablo, CA"
9014985,"Columbus, OH"
9003545,"Belleville, NJ"
9031995,"Concord, CA"
9026952,"Dallas, TX"
9014895,"Newark, OH"
9014972,"Columbus, OH"
9014974,"Columbus, OH"
9003918,"Vineland, NJ"
9026827,"Irving, TX"
9026954,"Dallas, TX"
9032086,"Richmond, CA"
9014983,"Columbus, OH"
9007322,"Philadelphia, PA"
9009660,"Benson, NC"
9027213,"Crowley, TX"
9027258,"Fort Worth, TX"
9026543,"Tulsa, OK"
9026903,"Dallas, TX"
9010776,"Snellville, GA"
9026815,"Garland, TX"
9012087,"Seffner, FL"
9029770,"West Valley City, UT"
9029717,"Orem, UT"
9028754,"Littleton, CO"
9028755,"Highlands Ranch, CO"
9028860,"Golden, CO"
9028778,"Denver, CO"
9028828,"Black Hawk, CO"
9028742,"Englewood, CO"
9032430,"Davis, CA"
9032432,"Davis, CA"
9031204,"North Hollywood, CA"
9023859,"Olathe, KS"
9012145,"Clearwater, FL"
9029858,"Provo, UT"
9029705,"Lehi, UT"
9029827,"Ogden, UT"
9029676,"Bountiful, UT"
9029892,"Spanish Fork, UT"
9029857,"Provo, UT"
9029749,"South Jordan, UT"
9029766,"South Salt Lake, UT"
9029757,"Salt Lake City, UT"
9029771,"West Valley City, UT"
9029733,"Tooele, UT"
9029769,"Taylorsville, UT"
9029710,"Midway, UT"
9029699,"Kaysville, UT"
9029746,"Alta, UT"
9010869,"Woodstock, GA"
9010961,"Atlanta, GA"
9029752,"Park City, UT"
9029718,"Orem, UT"
9029754,"Salt Lake City, UT"
9029825,"Ogden, UT"
9029741,"West Jordan, UT"
9029767,"Salt Lake City, UT"
9030088,"Tempe, AZ"
9010916,"Union City, GA"
9010839,"Douglasville, GA"
9028223,"Buda, TX"
9010904,"Peachtree City, GA"
9010753,"Alpharetta, GA"
9031051,"Whittier, CA"
9031116,"Pasadena, CA"
9015306,"Lakewood, OH"
9031224,"Glendora, CA"
9031217,"Rancho Cucamonga, CA"
9030927,"Los Angeles, CA"
9026270,"Oklahoma City, OK"
9032054,"Walnut Creek, CA"
9031240,"Pomona, CA"
9033342,"Seatac, WA"
9031118,"Pasadena, CA"
9032059,"Oakland, CA"
9031526,"Irvine, CA"
9032062,"Oakland, CA"
9015320,"Cleveland, OH"
9031221,"Rancho Cucamonga, CA"
9012388,"Tarpon Springs, FL"
9031055,"Buena Park, CA"
9033485,"Tacoma, WA"
9015310,"Cleveland, OH"
9015297,"Willoughby, OH"
9027263,"North Richland Hills, TX"
9033259,"Bothell, WA"
9012101,"Tampa, FL"
9012150,"Seminole, FL"
9027273,"Fort Worth, TX"
9030974,"Los Angeles, CA"
9032074,"Berkeley, CA"
9031943,"San Francisco, CA"
9031978,"Alameda, CA"
9031600,"Orange, CA"
9014861,"Blacklick, OH"
9026286,"Oklahoma City, OK"
9012098,"Tampa, FL"
9032905,"Hillsboro, OR"
9008270,"Stephens City, VA"
9012970,"Theodore, AL"
9031119,"Pasadena, CA"
9016255,"Mishawaka, IN"
9026920,"Dallas, TX"
9026869,"Lancaster, TX"
9032032,"Dublin, CA"
9032827,"Beaverton, OR"
9032828,"Beaverton, OR"
9031343,"San Diego, CA"
9032966,"Salem, OR"
9031327,"San Diego, CA"
9026183,"Choctaw, OK"
9031340,"San Diego, CA"
9032021,"Moraga, CA"
9033337,"Seatac, WA"
9028263,"Pflugerville, TX"
9010207,"Statesville, NC"
9015313,"Cleveland, OH"
9031331,"San Diego, CA"
9015337,"Olmsted Falls, OH"
9032963,"Salem, OR"
9026910,"Dallas, TX"
9032024,"Newark, CA"
9026253,"Oklahoma City, OK"
9027250,"Fort Worth, TX"
9033488,"Tacoma, WA"
9026175,"Edmond, OK"
9026244,"Oklahoma City, OK"
9009954,"Salisbury, NC"
9028054,"San Antonio, TX"
9013525,"Memphis, TN"
9026218,"Mustang, OK"
9015746,"Bellbrook, OH"
9031984,"Antioch, CA"
9031121,"San Marino, CA"
9003817,"Moorestown, NJ"
9028063,"San Antonio, TX"
9015130,"Zanesville, OH"
9026850,"Wylie, TX"
9032948,"Portland, OR"
9015327,"Cleveland, OH"
9032880,"Woodburn, OR"
9026243,"Yukon, OK"
9027204,"Azle, TX"
9031574,"Tustin, CA"
9031598,"Orange, CA"
9026881,"Garland, TX"
9026794,"Carrollton, TX"
9015344,"Westlake, OH"
9026275,"Oklahoma City, OK"
9026252,"Oklahoma City, OK"
9031070,"Harbor City, CA"
9030954,"Los Angeles, CA"
9030951,"Los Angeles, CA"
9031963,"San Francisco, CA"
9030972,"Los Angeles, CA"
9031067,"Artesia, CA"
9032904,"Hillsboro, OR"
9031188,"Van Nuys, CA"
9026807,"Frisco, TX"
9015312,"Cleveland, OH"
9027577,"Houston, TX"
9015321,"Beachwood, OH"
9031960,"San Francisco, CA"
9009746,"Durham, NC"
9032006,"Fremont, CA"
9031516,"Menifee, CA"
9026282,"Moore, OK"
9021497,"Hanover Park, IL"
9009749,"Durham, NC"
9026271,"Oklahoma City, OK"
9026938,"Dallas, TX"
9031564,"Mission Viejo, CA"
9031001,"Compton, CA"
9031945,"San Francisco, CA"
9031158,"Pacoima, CA"
9026929,"Dallas, TX"
9027191,"Arlington, TX"
9026166,"Edmond, OK"
9033494,"Lakewood, WA"
9026259,"Oklahoma City, OK"
9014917,"Amanda, OH"
9014931,"Groveport, OH"
9032105,"Mill Valley, CA"
9003557,"Roselle, NJ"
9012134,"Saint Petersburg, FL"
9004989,"Saratoga Springs, NY"
9026233,"Spencer, OK"
9031520,"Temecula, CA"
9027261,"Fort Worth, TX"
9016243,"Granger, IN"
9032072,"Oakland, CA"
9009934,"Matthews, NC"
9031962,"San Francisco, CA"
9031507,"Murrieta, CA"
9028008,"Cibolo, TX"
9033344,"Des Moines, WA"
9027218,"Godley, TX"
9028280,"Austin, TX"
9026260,"Oklahoma City, OK"
9026908,"Dallas, TX"
9031924,"Pacifica, CA"
9033303,"Lynnwood, WA"
9016239,"Elkhart, IN"
9027227,"Joshua, TX"
9032951,"Portland, OR"
9026223,"Norman, OK"
9032070,"Oakland, CA"
9033265,"Mill Creek, WA"
9026279,"Oklahoma City, OK"
9026283,"Oklahoma City, OK"
9033253,"Bellevue, WA"
9033478,"Tacoma, WA"
9026251,"Oklahoma City, OK"
9027693,"Humble, TX"
9033460,"Puyallup, WA"
9010670,"Fort Mill, SC"
9015703,"Cincinnati, OH"
9012391,"Dunedin, FL"
9033504,"Lakewood, WA"
9004668,"Mechanicville, NY"
9029678,"Centerville, UT"
9026811,"Garland, TX"
9010793,"Marietta, GA"
9007227,"Clifton Heights, PA"
9033256,"Bellevue, WA"
9012147,"Clearwater, FL"
9026281,"Oklahoma City, OK"
9027808,"Baytown, TX"
9004601,"Amsterdam, NY"
9033308,"Seattle, WA"
9027815,"Dayton, TX"
9026917,"Dallas, TX"
9033274,"Kent, WA"
9032066,"Oakland, CA"
9031944,"San Francisco, CA"
9032937,"Portland, OR"
9032015,"Lafayette, CA"
9032044,"San Ramon, CA"
9026257,"Oklahoma City, OK"
9031510,"Perris, CA"
9032933,"Portland, OR"
9032041,"San Leandro, CA"
9033254,"Bellevue, WA"
9031992,"Clayton, CA"
9026884,"Red Oak, TX"
9026839,"Richardson, TX"
9003500,"Montclair, NJ"
9191694,"Frisco, TX"
9026194,"El Reno, OK"
9014871,"Dublin, OH"
9005523,"Tonawanda, NY"
9027201,"Arlington, TX"
9031501,"Idyllwild, CA"
9031977,"Alameda, CA"
9012083,"Sun City Center, FL"
9014896,"Heath, OH"
9027723,"Conroe, TX"
9005532,"Buffalo, NY"
9031475,"San Bernardino, CA"
9031485,"Riverside, CA"
9014918,"Ashville, OH"
9031235,"Ontario, CA"
9026248,"Oklahoma City, OK"
9026916,"Dallas, TX"
9005561,"Niagara Falls, NY"
9028059,"San Antonio, TX"
9032946,"Portland, OR"
9014965,"Columbus, OH"
9026173,"Blanchard, OK"
9026269,"Oklahoma City, OK"
9026176,"Edmond, OK"
9026285,"Oklahoma City, OK"
9026255,"Oklahoma City, OK"
9026258,"Oklahoma City, OK"
9026261,"Oklahoma City, OK"
9026254,"Oklahoma City, OK"
9031160,"Sylmar, CA"
9031346,"San Diego, CA"
9031282,"Bonsall, CA"
9031349,"San Diego, CA"
9031352,"San Diego, CA"
9031351,"San Diego, CA"
9032528,"Sacramento, CA"
9032475,"Rancho Cordova, CA"
9003477,"East Orange, NJ"
9011984,"Weston, FL"
9011850,"Dania, FL"
9010929,"Atlanta, GA"
9033269,"Edmonds, WA"
9026837,"Lewisville, TX"
9031362,"San Diego, CA"
9031347,"San Diego, CA"
9031326,"San Diego, CA"
9031334,"San Diego, CA"
9031329,"San Diego, CA"
9031262,"Chula Vista, CA"
9031342,"Coronado, CA"
9031336,"San Diego, CA"
9031335,"San Diego, CA"
9031274,"Lemon Grove, CA"
9031357,"San Diego, CA"
9031339,"San Diego, CA"
9031333,"San Diego, CA"
9031259,"Bonita, CA"
9012031,"Jupiter, FL"
9012048,"Delray Beach, FL"
9012443,"Stuart, FL"
9012033,"Lake Worth, FL"
9012027,"Delray Beach, FL"
9011841,"Sebastian, FL"
9012431,"Port Saint Lucie, FL"
9012445,"Stuart, FL"
9012442,"Palm City, FL"
9012010,"Palm Beach Gardens, FL"
9011997,"Riviera Beach, FL"
9012017,"Boca Raton, FL"
9012007,"Wellington, FL"
9011842,"Vero Beach, FL"
9012046,"West Palm Beach, FL"
9012018,"Boca Raton, FL"
9012041,"Boynton Beach, FL"
9012049,"Boca Raton, FL"
9012437,"Fort Pierce, FL"
9011843,"Vero Beach, FL"
9012050,"Boca Raton, FL"
9012028,"Delray Beach, FL"
9012441,"Port Saint Lucie, FL"
9011846,"Vero Beach, FL"
9012428,"Fort Pierce, FL"
9012036,"Greenacres, FL"
9012005,"Riviera Beach, FL"
9011845,"Vero Beach, FL"
9012052,"Boca Raton, FL"
9012433,"Jensen Beach, FL"
9012015,"Boca Raton, FL"
9012008,"West Palm Beach, FL"
9012020,"Boynton Beach, FL"
9012003,"Palm Beach Gardens, FL"
9012425,"Fort Pierce, FL"
9011847,"Vero Beach, FL"
9012430,"Port Saint Lucie, FL"
9012045,"Jupiter, FL"
9012139,"Clearwater, FL"
9012004,"Royal Palm Beach, FL"
9014964,"Columbus, OH"
9014967,"Columbus, OH"
9014901,"Powell, OH"
9014978,"Columbus, OH"
9014987,"Columbus, OH"
9014930,"Grove City, OH"
9014979,"Columbus, OH"
9014946,"Pickerington, OH"
9014894,"New Albany, OH"
9014864,"Buckeye Lake, OH"
9014937,"Canal Winchester, OH"
9031176,"Woodland Hills, CA"
9031788,"Leona Valley, CA"
9031256,"Alhambra, CA"
9030957,"Los Angeles, CA"
9030932,"Los Angeles, CA"
9012056,"Brandon, FL"
9012062,"Dover, FL"
9029681,"Coalville, UT"
9012100,"Tampa, FL"
9012000,"West Palm Beach, FL"
9029703,"Layton, UT"
9029672,"American Fork, UT"
9029673,"Lehi, UT"
9029768,"Salt Lake City, UT"
9029711,"Morgan, UT"
9029759,"Salt Lake City, UT"
9029674,"Bingham Canyon, UT"
9029724,"Riverton, UT"
9029763,"Salt Lake City, UT"
9029738,"West Jordan, UT"
9029706,"Magna, UT"
9029679,"Clearfield, UT"
9029721,"Pleasant Grove, UT"
9029671,"American Fork, UT"
9029776,"West Valley City, UT"
9019692,"Minneapolis, MN"
9032053,"Walnut Creek, CA"
9026791,"Addison, TX"
9031048,"Whittier, CA"
9031214,"Covina, CA"
9012133,"Saint Petersburg, FL"
9032497,"Woodland, CA"
9031102,"Altadena, CA"
9032521,"Woodland, CA"
9031581,"Anaheim, CA"
9031044,"Torrance, CA"
9030100,"Glendale, AZ"
9031996,"Concord, CA"
9031577,"Anaheim, CA"
9012081,"Apollo Beach, FL"
9031114,"Pasadena, CA"
9015324,"Cleveland, OH"
9032538,"Sacramento, CA"
9032443,"Folsom, CA"
9031245,"San Dimas, CA"
9031907,"Daly City, CA"
9008192,"Alexandria, VA"
9032467,"Orangevale, CA"
9032516,"Roseville, CA"
9031120,"Pasadena, CA"
9032534,"Sacramento, CA"
9032437,"Elk Grove, CA"
9031575,"Tustin, CA"
9014984,"Columbus, OH"
9031069,"Bellflower, CA"
9027264,"Fort Worth, TX"
9031066,"Artesia, CA"
9033462,"Puyallup, WA"
9003687,"Freehold, NJ"
9033340,"Seattle, WA"
9017349,"Berrien Springs, MI"
9007179,"Doylestown, PA"
9033272,"Issaquah, WA"
9031988,"Brentwood, CA"
9032493,"West Sacramento, CA"
9032424,"Carmichael, CA"
9031549,"Newport Beach, CA"
9031117,"Pasadena, CA"
9032550,"Sacramento, CA"
9032465,"North Highlands, CA"
9008458,"Richmond, VA"
9031611,"Yorba Linda, CA"
9026821,"The Colony, TX"
9031184,"Panorama City, CA"
9032552,"Sacramento, CA"
9012387,"Tarpon Springs, FL"
9031931,"San Carlos, CA"
9032510,"Meadow Vista, CA"
9031003,"Culver City, CA"
9031064,"Santa Fe Springs, CA"
9031040,"Santa Monica, CA"
9030979,"Los Angeles, CA"
9027253,"Fort Worth, TX"
9031584,"Brea, CA"
9031167,"Burbank, CA"
9031097,"Long Beach, CA"
9026841,"Richardson, TX"
9027271,"Fort Worth, TX"
9030933,"Los Angeles, CA"
9031112,"Sunland, CA"
9031592,"Garden Grove, CA"
9032551,"Sacramento, CA"
9033270,"Issaquah, WA"
9033278,"Lynnwood, WA"
9032519,"El Dorado Hills, CA"
9032544,"Sacramento, CA"
9032543,"Sacramento, CA"
9031634,"Simi Valley, CA"
9032533,"Sacramento, CA"
9026801,"Flower Mound, TX"
9026798,"Coppell, TX"
9016330,"Roanoke, IN"
9032548,"Sacramento, CA"
9033266,"Enumclaw, WA"
9032547,"Sacramento, CA"
9032463,"Newcastle, CA"
9007243,"Glenside, PA"
9003507,"Passaic, NJ"
9032419,"Auburn, CA"
9032481,"Rocklin, CA"
9032482,"Roseville, CA"
9032541,"Sacramento, CA"
9033481,"Tacoma, WA"
9032055,"Walnut Creek, CA"
9031949,"San Francisco, CA"
9007309,"Philadelphia, PA"
9027304,"Keller, TX"
9027197,"Arlington, TX"
9033281,"Bellevue, WA"
9007223,"Cheltenham, PA"
9027284,"North Richland Hills, TX"
9032477,"Rio Linda, CA"
9032418,"Auburn, CA"
9032425,"Citrus Heights, CA"
9033283,"Covington, WA"
9032529,"Sacramento, CA"
9032518,"Elk Grove, CA"
9027255,"Fort Worth, TX"
9031953,"San Francisco, CA"
9032517,"Elk Grove, CA"
9032515,"Granite Bay, CA"
9014966,"Columbus, OH"
9031494,"Lake Elsinore, CA"
9027211,"Colleyville, TX"
9007245,"Ardmore, PA"
9010685,"Rock Hill, SC"
9003678,"Howell, NJ"
9003592,"Mahwah, NJ"
9026816,"Garland, TX"
9032532,"Sacramento, CA"
9032535,"Sacramento, CA"
9032539,"Sacramento, CA"
9032476,"Rescue, CA"
9032441,"Fair Oaks, CA"
9031211,"Chino, CA"
9008196,"Fredericksburg, VA"
9003478,"East Orange, NJ"
9003494,"Linden, NJ"
9013100,"Arrington, TN"
9009681,"Fuquay Varina, NC"
9031490,"Jurupa Valley, CA"
9009721,"Wendell, NC"
9003689,"Middletown, NJ"
9013144,"Murfreesboro, TN"
9009718,"Wake Forest, NC"
9031397,"Palm Springs, CA"
9031493,"Lake Elsinore, CA"
9003653,"Teaneck, NJ"
9003619,"South Hackensack, NJ"
9003505,"Orange, NJ"
9008162,"Arlington, VA"
9004055,"Highland Park, NJ"
9003539,"West New York, NJ"
9003755,"East Hanover, NJ"
9007555,"Manassas, VA"
9003498,"Montclair, NJ"
9031366,"Indio, CA"
9003578,"Hewitt, NJ"
9003543,"Newark, NJ"
9003546,"Newark, NJ"
9031367,"La Quinta, CA"
9003555,"Elizabeth, NJ"
9004025,"Hillsborough, NJ"
9004035,"Perth Amboy, NJ"
9003565,"Jersey City, NJ"
9009735,"Raleigh, NC"
9003934,"Jackson, NJ"
9004004,"Dunellen, NJ"
9003840,"Swedesboro, NJ"
9003583,"Mahwah, NJ"
9004028,"East Brunswick, NJ"
9009671,"Carrboro, NC"
9009710,"Rolesville, NC"
9003549,"Newark, NJ"
9003504,"Orange, NJ"
9003969,"Trenton, NJ"
9003784,"Burlington, NJ"
9031519,"Temecula, CA"
9004054,"Edison, NJ"
9003649,"Ridgefield Park, NJ"
9003964,"Trenton, NJ"
9003493,"Lincoln Park, NJ"
9004053,"Edison, NJ"
9031505,"Moreno Valley, CA"
9003607,"Paterson, NJ"
9003928,"Cranbury, NJ"
9010954,"Atlanta, GA"
9009723,"Youngsville, NC"
9003511,"Plainfield, NJ"
9004041,"Somerset, NJ"
9003472,"Clifton, NJ"
9031248,"Temple City, CA"
9009690,"Fuquay Varina, NC"
9009675,"Clayton, NC"
9010765,"Clarkston, GA"
9010777,"Cumming, GA"
9003761,"Morris Plains, NJ"
9031487,"Riverside, CA"
9003516,"Clark, NJ"
9003503,"North Bergen, NJ"
9003562,"Jersey City, NJ"
9031378,"Cathedral City, CA"
9003495,"Livingston, NJ"
9003723,"Hopatcong, NJ"
9010919,"Ellenwood, GA"
9009630,"Sanford, NC"
9007574,"Dulles, VA"
9007714,"Laurel, MD"
9010816,"Acworth, GA"
9010931,"Atlanta, GA"
9003646,"Paramus, NJ"
9003521,"Lyndhurst, NJ"
9003674,"Manalapan, NJ"
9003773,"Cherry Hill, NJ"
9007753,"Upper Marlboro, MD"
9004000,"Bridgewater, NJ"
9003496,"Maplewood, NJ"
9007739,"District Heights, MD"
9007754,"Upper Marlboro, MD"
9007567,"Purcellville, VA"
9008141,"Lorton, VA"
9007561,"Bristow, VA"
9009683,"Garner, NC"
9008272,"Strasburg, VA"
9007751,"Greenbelt, MD"
9003941,"Princeton, NJ"
9007770,"Bethesda, MD"
9013168,"Spring Hill, TN"
9008160,"Woodbridge, VA"
9008168,"Arlington, VA"
9007809,"Silver Spring, MD"
9028249,"Leander, TX"
9008165,"Arlington, VA"
9003686,"Long Branch, NJ"
9003807,"Willingboro, NJ"
9008154,"Vienna, VA"
9007713,"Lanham, MD"
9003976,"Brick, NJ"
9008257,"Front Royal, VA"
9007297,"Philadelphia, PA"
9027189,"Arlington, TX"
9010836,"Powder Springs, GA"
9008239,"Stafford, VA"
9009165,"Inwood, WV"
9003487,"Harrison, NJ"
9008159,"Woodbridge, VA"
9003533,"Union, NJ"
9007730,"Clinton, MD"
9008161,"Woodbridge, VA"
9007587,"Leesburg, VA"
9007735,"Capitol Heights, MD"
9007715,"Laurel, MD"
9008279,"Bealeton, VA"
9007746,"Suitland, MD"
9007760,"Hyattsville, MD"
9003970,"Trenton, NJ"
9029787,"Brigham City, UT"
9010790,"Marietta, GA"
9008167,"Arlington, VA"
9003929,"Cream Ridge, NJ"
9009731,"Raleigh, NC"
9009595,"Graham, NC"
9008166,"Arlington, VA"
9007781,"Rockville, MD"
9013074,"Antioch, TN"
9009657,"Angier, NC"
9012126,"St Pete Beach, FL"
9007812,"Silver Spring, MD"
9007807,"Silver Spring, MD"
9009576,"Bear Creek, NC"
9003932,"Hightstown, NJ"
9008247,"Winchester, VA"
9009747,"Durham, NC"
9009674,"Cary, NC"
9027712,"Spring, TX"
9009715,"Smithfield, NC"
9003608,"Totowa, NJ"
9013165,"Smyrna, TN"
9009714,"Selma, NC"
9003993,"Toms River, NJ"
9023171,"Grandview, MO"
9031338,"San Diego, CA"
9012110,"Tampa, FL"
9031558,"Laguna Niguel, CA"
9030948,"Los Angeles, CA"
9012093,"Wimauma, FL"
9012154,"Seminole, FL"
9012149,"Largo, FL"
9012122,"Saint Petersburg, FL"
9031272,"Spring Valley, CA"
9029761,"Salt Lake City, UT"
9029826,"Ogden, UT"
9029824,"Ogden, UT"
9029829,"Ogden, UT"
9031578,"Anaheim, CA"
9031330,"San Diego, CA"
9010761,"Covington, GA"
9010921,"Riverdale, GA"
9010930,"Atlanta, GA"
9031341,"San Diego, CA"
9010812,"Conyers, GA"
9031348,"San Diego, CA"
9011052,"Murrayville, GA"
9031286,"Carlsbad, CA"
9031303,"Oceanside, CA"
9031484,"Riverside, CA"
9031489,"Riverside, CA"
9031483,"Riverside, CA"
9031502,"Moreno Valley, CA"
9031503,"Moreno Valley, CA"
9031511,"Perris, CA"
9010799,"Roswell, GA"
9010952,"Brookhaven, GA"
9012084,"San Antonio, FL"
9012377,"Hudson, FL"
9012375,"New Port Richey, FL"
9012055,"Brandon, FL"
9012105,"Tampa, FL"
9012119,"Temple Terrace, FL"
9012144,"Clearwater, FL"
9012386,"Tarpon Springs, FL"
9012371,"Land O Lakes, FL"
9012067,"Zephyrhills, FL"
9012156,"Pinellas Park, FL"
9012065,"Zephyrhills, FL"
9012385,"Palm Harbor, FL"
9012128,"Madeira Beach, FL"
9012090,"Valrico, FL"
9012066,"Zephyrhills, FL"
9012085,"Riverview, FL"
9012070,"Lithia, FL"
9012103,"Tampa, FL"
9012073,"Odessa, FL"
9012374,"New Port Richey, FL"
9012370,"Land O Lakes, FL"
9012106,"Tampa, FL"
9012384,"Palm Harbor, FL"
9012108,"Temple Terrace, FL"
9012075,"Lutz, FL"
9012077,"Plant City, FL"
9012140,"Clearwater, FL"
9012389,"Tarpon Springs, FL"
9012061,"Dade City, FL"
9012116,"Tampa, FL"
9012068,"Zephyrhills, FL"
9012102,"Tampa, FL"
9012146,"Clearwater, FL"
9012135,"Saint Petersburg, FL"
9012082,"Apollo Beach, FL"
9012072,"Lutz, FL"
9012076,"Plant City, FL"
9012379,"Hudson, FL"
9012380,"Oldsmar, FL"
9012125,"Saint Petersburg, FL"
9010798,"Roswell, GA"
9010786,"Covington, GA"
9010900,"Forest Park, GA"
9010892,"Locust Grove, GA"
9010884,"Hampton, GA"
9010875,"Fayetteville, GA"
9010788,"Lithonia, GA"
9026924,"Dallas, TX"
9021473,"Round Lake, IL"
9021445,"Gurnee, IL"
9014875,"Galena, OH"
9031305,"Oceanside, CA"
9031223,"Glendora, CA"
9031521,"Wildomar, CA"
9009977,"Charlotte, NC"
9013202,"Nashville, TN"
9007580,"Sterling, VA"
9003692,"Neptune, NJ"
9003671,"Colts Neck, NJ"
9008190,"Alexandria, VA"
9009910,"Gastonia, NC"
9008193,"Alexandria, VA"
9013462,"Knoxville, TN"
9009739,"Raleigh, NC"
9031607,"Corona, CA"
9003483,"Fort Lee, NJ"
9009992,"Charlotte, NC"
9003851,"Deptford, NJ"
9009940,"Mooresville, NC"
9031478,"San Bernardino, CA"
9013195,"Nashville, TN"
9003634,"Englewood, NJ"
9003938,"Pennington, NJ"
9003627,"Bergenfield, NJ"
9031459,"Rialto, CA"
9003843,"Southampton, NJ"
9003529,"South Orange, NJ"
9003659,"Red Bank, NJ"
9010012,"Fayetteville, NC"
9003590,"Pompton Lakes, NJ"
9009968,"Waxhaw, NC"
9031779,"Lancaster, CA"
9031396,"Palm Springs, CA"
9009970,"Charlotte, NC"
9010055,"Raeford, NC"
9031435,"Fontana, CA"
9003691,"Manalapan, NJ"
9003774,"Atco, NJ"
9031604,"Corona, CA"
9010035,"Hope Mills, NC"
9031605,"Norco, CA"
9003465,"Bloomfield, NJ"
9004018,"Jamesburg, NJ"
9010490,"North Charleston, SC"
9013422,"Seymour, TN"
9010513,"Goose Creek, SC"
9003824,"Cinnaminson, NJ"
9031437,"Fontana, CA"
9003629,"Cresskill, NJ"
9013385,"Maryville, TN"
9003748,"Chatham, NJ"
9004040,"Sayreville, NJ"
9003561,"Elizabeth, NJ"
9009733,"Raleigh, NC"
9003638,"Little Ferry, NJ"
9003645,"Palisades Park, NJ"
9031241,"Pomona, CA"
9010006,"Fayetteville, NC"
9003664,"Asbury Park, NJ"
9003813,"Marlton, NJ"
9004045,"South River, NJ"
9009748,"Durham, NC"
9013448,"Knoxville, TN"
9009689,"Holly Springs, NC"
9013458,"Knoxville, TN"
9013457,"Knoxville, TN"
9031372,"Beaumont, CA"
9013387,"Maryville, TN"
9003476,"Cranford, NJ"
9031479,"San Bernardino, CA"
9031436,"Fontana, CA"
9009673,"Cary, NC"
9003962,"Trenton, NJ"
9003858,"Audubon, NJ"
9003610,"Paterson, NJ"
9004007,"Edison, NJ"
9009602,"Hillsborough, NC"
9003729,"Newton, NJ"
9009738,"Raleigh, NC"
9010003,"Fayetteville, NC"
9003535,"Union City, NJ"
9009658,"Apex, NC"
9011260,"Bloomingdale, GA"
9010825,"Canton, GA"
9007721,"Bowie, MD"
9010838,"Douglasville, GA"
9003506,"Parsippany, NJ"
9007583,"Gainesville, VA"
9003926,"Clarksburg, NJ"
9007564,"Centreville, VA"
9013383,"Louisville, TN"
9009728,"Raleigh, NC"
9015734,"Cincinnati, OH"
9003512,"Plainfield, NJ"
9003769,"Morristown, NJ"
9003468,"Caldwell, NJ"
9007777,"Boyds, MD"
9008169,"Arlington, VA"
9013653,"Leoma, TN"
9003836,"Sewell, NJ"
9003603,"Wayne, NJ"
9077370,"Summerville, SC"
9011294,"Savannah, GA"
9013188,"Nashville, TN"
9003567,"Jersey City, NJ"
9010813,"Duluth, GA"
9028048,"San Antonio, TX"
9007769,"Bethesda, MD"
9011274,"Pooler, GA"
9007270,"Swarthmore, PA"
9007662,"Brandywine, MD"
9007598,"The Plains, VA"
9003571,"Elmwood Park, NJ"
9003971,"Lakewood, NJ"
9011291,"Savannah, GA"
9003751,"Florham Park, NJ"
9003992,"Toms River, NJ"
9028068,"San Antonio, TX"
9015729,"Cincinnati, OH"
9010729,"Okatie, SC"
9027660,"Houston, TX"
9013386,"Maryville, TN"
9005163,"Syracuse, NY"
9004031,"Piscataway, NJ"
9010065,"Spring Lake, NC"
9009682,"Clayton, NC"
9003849,"Williamstown, NJ"
9004638,"Halfmoon, NY"
9003639,"Lodi, NJ"
9003559,"Elizabeth, NJ"
9009904,"Dallas, NC"
9003596,"Riverdale, NJ"
9003837,"Sicklerville, NJ"
9027629,"Houston, TX"
9010773,"Decatur, GA"
9007763,"Hyattsville, MD"
9003560,"Elizabeth, NJ"
9003572,"Fair Lawn, NJ"
9005539,"Buffalo, NY"
9010540,"Summerville, SC"
9003775,"Barnegat, NJ"
9008191,"Alexandria, VA"
9007794,"Gaithersburg, MD"
9007710,"Waldorf, MD"
9013420,"Sevierville, TN"
9013451,"Knoxville, TN"
9013141,"Mount Juliet, TN"
9003464,"Bayonne, NJ"
9028046,"San Antonio, TX"
9008163,"Arlington, VA"
9021480,"Waukegan, IL"
9019674,"Minneapolis, MN"
9029990,"Phoenix, AZ"
9030139,"Tolleson, AZ"
9010759,"Conyers, GA"
9017361,"Niles, MI"
9017334,"Benton Harbor, MI"
9017287,"Benton Harbor, MI"
9016351,"Fort Wayne, IN"
9016354,"Fort Wayne, IN"
9016355,"Fort Wayne, IN"
9017359,"New Buffalo, MI"
9012115,"Tampa, FL"
9017350,"Berrien Springs, MI"
9032484,"Shingle Springs, CA"
9016278,"South Bend, IN"
9016311,"Huntington, IN"
9016356,"Fort Wayne, IN"
9012127,"Saint Petersburg, FL"
9012129,"Saint Petersburg, FL"
9016325,"New Haven, IN"
9016312,"Kendallville, IN"
9016281,"South Bend, IN"
9016345,"Fort Wayne, IN"
9017304,"Decatur, MI"
9017294,"Cassopolis, MI"
9017355,"Edwardsburg, MI"
9016271,"Warsaw, IN"
9017341,"Three Rivers, MI"
9032445,"Galt, CA"
9012151,"Largo, FL"
9016310,"Huntertown, IN"
9016266,"Syracuse, IN"
9016257,"New Carlisle, IN"
9016270,"Walkerton, IN"
9016293,"Bluffton, IN"
9016238,"Elkhart, IN"
9012109,"Tampa, FL"
9028713,"Aurora, CO"
9028769,"Denver, CO"
9028787,"Denver, CO"
9032540,"Sacramento, CA"
9028777,"Denver, CO"
9028883,"Longmont, CO"
9028717,"Aurora, CO"
9028771,"Denver, CO"
9028820,"Boulder, CO"
9028818,"Boulder, CO"
9032426,"Clarksburg, CA"
9032008,"Fremont, CA"
9031215,"Covina, CA"
9003682,"Keyport, NJ"
9003508,"Passaic, NJ"
9031186,"Van Nuys, CA"
9023222,"Kansas City, MO"
9003528,"Short Hills, NJ"
9001908,"Tyngsboro, MA"
9001910,"Westford, MA"
9031927,"Redwood City, CA"
9031930,"San Bruno, CA"
9004005,"East Brunswick, NJ"
9023885,"Kansas City, KS"
9030999,"Beverly Hills, CA"
9003520,"Rutherford, NJ"
9001893,"Lawrence, MA"
9003552,"Irvington, NJ"
9009583,"Burlington, NC"
9031787,"Palmdale, CA"
9031231,"Jurupa Valley, CA"
9001887,"Haverhill, MA"
9031175,"Woodland Hills, CA"
9001905,"North Reading, MA"
9031975,"Foster City, CA"
9031595,"Norco, CA"
9001937,"Peabody, MA"
9001888,"Haverhill, MA"
9001909,"Wakefield, MA"
9001857,"Acton, MA"
9001883,"Billerica, MA"
9001926,"Danvers, MA"
9031132,"Glendale, CA"
9002018,"Stoneham, MA"
9031926,"Redwood City, CA"
9031964,"San Francisco, CA"
9023906,"Overland Park, KS"
9023909,"Lenexa, KS"
9031194,"Burbank, CA"
9031195,"Burbank, CA"
9001894,"Lawrence, MA"
9001896,"Lawrence, MA"
9002017,"Melrose, MA"
9003475,"Clifton, NJ"
9023919,"Shawnee, KS"
9031136,"Glendale, CA"
9003625,"South Hackensack, NJ"
9023220,"Kansas City, MO"
9031041,"Santa Monica, CA"
9031030,"Venice, CA"
9031250,"Upland, CA"
9001904,"North Chelmsford, MA"
9001880,"Woburn, MA"
9004026,"Middlesex, NJ"
9001884,"Billerica, MA"
9003515,"Rahway, NJ"
9002056,"Lexington, MA"
9003519,"Plainfield, NJ"
9003741,"Summit, NJ"
9001899,"Billerica, MA"
9023219,"Kansas City, MO"
9031220,"El Monte, CA"
9001906,"Reading, MA"
9003530,"South Plainfield, NJ"
9001943,"Topsfield, MA"
9001895,"Methuen, MA"
9032144,"Milpitas, CA"
9023899,"Mission, KS"
9003752,"Gillette, NJ"
9023910,"Shawnee, KS"
9032190,"San Jose, CA"
9003489,"Kearny, NJ"
9032007,"Fremont, CA"
9003551,"Belleville, NJ"
9031253,"West Covina, CA"
9032030,"Pleasanton, CA"
9032168,"San Jose, CA"
9030988,"Los Angeles, CA"
9003485,"Cranford, NJ"
9031937,"Sunnyvale, CA"
9003677,"Hazlet, NJ"
9004019,"Fords, NJ"
9001885,"Dracut, MA"
9032150,"San Martin, CA"
9003491,"Kenilworth, NJ"
9031082,"Wilmington, CA"
9001897,"Dracut, MA"
9001917,"Lynn, MA"
9031951,"San Francisco, CA"
9031183,"Van Nuys, CA"
9031145,"Canoga Park, CA"
9031947,"San Francisco, CA"
9031022,"Pacific Palisades, CA"
9031138,"Glendale, CA"
9031103,"Arcadia, CA"
9001901,"Lowell, MA"
9031967,"East Palo Alto, CA"
9031971,"Palo Alto, CA"
9003473,"Clifton, NJ"
9031201,"Studio City, CA"
9031159,"Reseda, CA"
9001918,"Lynn, MA"
9031922,"Mountain View, CA"
9032177,"San Jose, CA"
9031936,"Sunnyvale, CA"
9003537,"Westfield, NJ"
9009605,"Julian, NC"
9001898,"Lowell, MA"
9032182,"San Jose, CA"
9031170,"Tarzana, CA"
9032166,"San Jose, CA"
9032135,"Cupertino, CA"
9031238,"Ontario, CA"
9031778,"Lancaster, CA"
9031237,"Montclair, CA"
9010760,"Covington, GA"
9026830,"Little Elm, TX"
9002007,"Malden, MA"
9002060,"Waltham, MA"
9002004,"Chelsea, MA"
9031914,"Menlo Park, CA"
9009565,"Winston Salem, NC"
9009649,"Greensboro, NC"
9009651,"Greensboro, NC"
9010784,"Loganville, GA"
9019667,"Minneapolis, MN"
9010821,"Ball Ground, GA"
9010844,"Kennesaw, GA"
9012164,"Lakeland, FL"
9031518,"Temecula, CA"
9003709,"Budd Lake, NJ"
9008199,"Fredericksburg, VA"
9013190,"Nashville, TN"
9013193,"Nashville, TN"
9003973,"Bayville, NJ"
9003736,"Succasunna, NJ"
9003832,"Delanco, NJ"
9031499,"Hemet, CA"
9031236,"Ontario, CA"
9003967,"Trenton, NJ"
9003732,"Dover, NJ"
9009740,"Raleigh, NC"
9003805,"Voorhees, NJ"
9004032,"Old Bridge, NJ"
9009696,"Louisburg, NC"
9009619,"Pittsboro, NC"
9003581,"Little Falls, NJ"
9003602,"Wanaque, NJ"
9003488,"Hoboken, NJ"
9003612,"Hawthorne, NJ"
9003587,"Oak Ridge, NJ"
9010774,"Decatur, GA"
9009678,"Apex, NC"
9009726,"Raleigh, NC"
9003566,"Jersey City, NJ"
9003978,"Forked River, NJ"
9003991,"Toms River, NJ"
9003780,"Beverly, NJ"
9003923,"Allentown, NJ"
9010815,"Acworth, GA"
9010926,"Atlanta, GA"
9013130,"Lebanon, TN"
9003779,"Atco, NJ"
9009628,"Sanford, NC"
9028291,"Austin, TX"
9010944,"Atlanta, GA"
9003490,"Kearny, NJ"
9013122,"Hermitage, TN"
9010854,"Austell, GA"
9007737,"Oxon Hill, MD"
9008197,"Fredericksburg, VA"
9010782,"Lawrenceville, GA"
9013113,"Fairview, TN"
9003668,"Belmar, NJ"
9007552,"Aldie, VA"
9009736,"Raleigh, NC"
9003814,"Mount Laurel, NJ"
9007768,"Bethesda, MD"
9007685,"La Plata, MD"
9013183,"Nashville, TN"
9027188,"Arlington, TX"
9007813,"Silver Spring, MD"
9026813,"Garland, TX"
9003975,"Brick, NJ"
9003725,"Ledgewood, NJ"
9007803,"Kensington, MD"
9008131,"Chantilly, VA"
9008164,"Arlington, VA"
9003792,"Glassboro, NJ"
9003620,"Bogota, NJ"
9003624,"Maywood, NJ"
9003663,"Allenhurst, NJ"
9007652,"Waldorf, MD"
9019477,"Cottage Grove, MN"
9019539,"Saint Paul, MN"
9004552,"Wyandanch, NY"
9004460,"Rockville Centre, NY"
9004564,"East Hampton, NY"
9004557,"Riverhead, NY"
9004323,"Great Neck, NY"
9012280,"Bradenton, FL"
9014329,"Frankfort, KY"
9014266,"Lawrenceburg, KY"
9014286,"Versailles, KY"
9012438,"Fort Pierce, FL"
9026826,"Irving, TX"
9026921,"Dallas, TX"
9021544,"Schaumburg, IL"
9026909,"Dallas, TX"
9026941,"Dallas, TX"
9026817,"Grand Prairie, TX"
9026802,"Plano, TX"
9033498,"Tacoma, WA"
9027256,"Fort Worth, TX"
9021427,"Arlington Heights, IL"
9033473,"Sumner, WA"
9033348,"Everett, WA"
9021462,"Mount Prospect, IL"
9002158,"New Bedford, MA"
9023256,"Parkville, MO"
9023224,"Kansas City, MO"
9023204,"Lees Summit, MO"
9023189,"Lees Summit, MO"
9023160,"Blue Springs, MO"
9023245,"Kansas City, MO"
9002030,"Brockton, MA"
9023185,"Independence, MO"
9023231,"Kansas City, MO"
9023193,"Liberty, MO"
9023901,"Overland Park, KS"
9023242,"Kansas City, MO"
9023223,"Kansas City, MO"
9023873,"Overland Park, KS"
9023886,"Kansas City, KS"
9029772,"Salt Lake City, UT"
9010780,"Lawrenceville, GA"
9012307,"Sarasota, FL"
9010955,"Atlanta, GA"
9012365,"Brooksville, FL"
9010779,"Lawrenceville, GA"
9010767,"Suwanee, GA"
9012282,"Bradenton, FL"
9012279,"Bradenton, FL"
9010811,"Norcross, GA"
9010762,"Grayson, GA"
9010806,"Stone Mountain, GA"
9010764,"Dacula, GA"
9011016,"Buford, GA"
9010781,"Lawrenceville, GA"
9010783,"Lilburn, GA"
9010805,"Tucker, GA"
9010814,"Duluth, GA"
9010810,"Peachtree Corners, GA"
9010800,"Snellville, GA"
9010804,"Stone Mountain, GA"
9029774,"Salt Lake City, UT"
9029605,"Boise, ID"
9011015,"Buford, GA"
9029574,"Meridian, ID"
9029598,"Boise, ID"
9029578,"Meridian, ID"
9031302,"Oceanside, CA"
9031312,"Rancho Santa Fe, CA"
9031284,"Cardiff By The Sea, CA"
9031295,"Escondido, CA"
9021452,"Island Lake, IL"
9021469,"Lincolnshire, IL"
9021465,"Northbrook, IL"
9030930,"Los Angeles, CA"
9028243,"Georgetown, TX"
9028290,"Austin, TX"
9198580,"Mckinney, TX"
9003187,"Glastonbury, CT"
9027252,"Fort Worth, TX"
9003191,"Manchester, CT"
9027293,"Denton, TX"
9003196,"New Britain, CT"
9027282,"Fort Worth, TX"
9012198,"Winter Haven, FL"
9012121,"Saint Petersburg, FL"
9001881,"Burlington, MA"
9029895,"Springville, UT"
9029775,"Salt Lake City, UT"
9010792,"Marietta, GA"
9011014,"Braselton, GA"
9011036,"Gillsville, GA"
9011035,"Flowery Branch, GA"
9011005,"Gainesville, GA"
9029729,"Sandy, UT"
9029748,"Sandy, UT"
9029683,"Draper, UT"
9029755,"Salt Lake City, UT"
9011026,"Cornelia, GA"
9002167,"North Dighton, MA"
9002175,"Taunton, MA"
9010802,"Smyrna, GA"
9011108,"Winder, GA"
9010766,"Alpharetta, GA"
9010943,"Atlanta, GA"
9010924,"Atlanta, GA"
9011020,"Clarkesville, GA"
9010757,"Auburn, GA"
9002053,"South Easton, MA"
9002169,"Raynham, MA"
9002031,"Brockton, MA"
9002041,"Holbrook, MA"
9029726,"Roy, UT"
9029885,"Payson, UT"
9029694,"Heber City, UT"
9012012,"Boca Raton, FL"
9012002,"West Palm Beach, FL"
9003453,"Stamford, CT"
9010876,"Fayetteville, GA"
9011251,"Macon, GA"
9003454,"Stamford, CT"
9010895,"Mcdonough, GA"
9010909,"Stockbridge, GA"
9011071,"Athens, GA"
9012021,"Boynton Beach, FL"
9011995,"West Palm Beach, FL"
9012026,"Delray Beach, FL"
9029698,"Kamas, UT"
9010923,"Atlanta, GA"
9010888,"Jonesboro, GA"
9196758,"South Jordan, UT"
9029894,"Springville, UT"
9029756,"Salt Lake City, UT"
9007271,"Upper Darby, PA"
9007283,"Philadelphia, PA"
9007284,"Philadelphia, PA"
9007308,"Philadelphia, PA"
9007303,"Philadelphia, PA"
9007446,"Reading, PA"
9007231,"Darby, PA"
9007324,"Philadelphia, PA"
9007481,"Wilmington, DE"
9007281,"Havertown, PA"
9007216,"Ardmore, PA"
9007272,"Havertown, PA"
9004493,"Central Islip, NY"
9004595,"Westhampton, NY"
9004481,"Bay Shore, NY"
9004513,"Islip, NY"
9004549,"West Islip, NY"
9004497,"Coram, NY"
9004504,"Farmingville, NY"
9004488,"Brentwood, NY"
9028882,"Longmont, CO"
9007277,"Willow Grove, PA"
9001964,"Norwell, MA"
9002156,"New Bedford, MA"
9007378,"Conshohocken, PA"
9002083,"Buzzards Bay, MA"
9007214,"Abington, PA"
9007290,"Philadelphia, PA"
9007206,"Southampton, PA"
9002148,"Fall River, MA"
9007328,"Philadelphia, PA"
9007218,"Huntingdon Valley, PA"
9007234,"Elkins Park, PA"
9007241,"Gladwyne, PA"
9028788,"Denver, CO"
9007294,"Philadelphia, PA"
9028880,"Longmont, CO"
9007249,"Langhorne, PA"
9028817,"Boulder, CO"
9027291,"Denton, TX"
9016052,"Fortville, IN"
9007449,"Reading, PA"
9013543,"Germantown, TN"
9019687,"Minneapolis, MN"
9019683,"Minneapolis, MN"
9013524,"Memphis, TN"
9023179,"Independence, MO"
9019662,"Minneapolis, MN"
9013514,"Memphis, TN"
9019546,"Saint Paul, MN"
9019685,"Minneapolis, MN"
9019540,"Saint Paul, MN"
9019679,"Minneapolis, MN"
9019549,"Saint Paul, MN"
9019669,"Minneapolis, MN"
9019602,"Burnsville, MN"
9019684,"Minneapolis, MN"
9023158,"Belton, MO"
9016232,"Bristol, IN"
9016237,"Elkhart, IN"
9019666,"Minneapolis, MN"
9019675,"Minneapolis, MN"
9019639,"Shakopee, MN"
9019545,"Saint Paul, MN"
9019557,"Saint Paul, MN"
9019678,"Minneapolis, MN"
9019676,"Minneapolis, MN"
9010960,"Atlanta, GA"
9023203,"Pleasant Hill, MO"
9007317,"Philadelphia, PA"
9007321,"Philadelphia, PA"
9012025,"Deerfield Beach, FL"
9011969,"Oakland Park, FL"
9007332,"Philadelphia, PA"
9007313,"Philadelphia, PA"
9019496,"Lake Elmo, MN"
9019514,"Rosemount, MN"
9021464,"Vernon Hills, IL"
9019694,"Minneapolis, MN"
9004531,"Patchogue, NY"
9019649,"Hopkins, MN"
9019619,"Long Lake, MN"
9026818,"Grand Prairie, TX"
9004499,"East Islip, NY"
9019596,"Chanhassen, MN"
9019612,"Eden Prairie, MN"
9019608,"Hopkins, MN"
9002019,"Braintree, MA"
9031535,"Corona Del Mar, CA"
9031212,"Claremont, CA"
9012259,"Naples, FL"
9004463,"Roslyn, NY"
9004433,"Mineola, NY"
9004522,"Medford, NY"
9004568,"East Quogue, NY"
9004448,"Uniondale, NY"
9004558,"Amagansett, NY"
9004327,"New Hyde Park, NY"
9028898,"Fort Collins, CO"
9028904,"Loveland, CO"
9028888,"Dacono, CO"
9028895,"Fort Collins, CO"
9027616,"Houston, TX"
9030788,"Las Vegas, NV"
9016204,"North Judson, IN"
9016285,"South Bend, IN"
9013533,"Memphis, TN"
9017300,"Coloma, MI"
9013520,"Memphis, TN"
9007329,"Philadelphia, PA"
9004023,"Edison, NJ"
9002141,"Assonet, MA"
9002038,"Halifax, MA"
9002174,"Taunton, MA"
9002144,"Dighton, MA"
9002023,"Braintree, MA"
9002146,"East Taunton, MA"
9013522,"Memphis, TN"
9013515,"Memphis, TN"
9013478,"Collierville, TN"
9013469,"Arlington, TN"
9013527,"Memphis, TN"
9013532,"Memphis, TN"
9013539,"Memphis, TN"
9013479,"Cordova, TN"
9013500,"Munford, TN"
9013531,"Memphis, TN"
9016246,"Knox, IN"
9013529,"Memphis, TN"
9013538,"Memphis, TN"
9013542,"Germantown, TN"
9013470,"Atoka, TN"
9013498,"Millington, TN"
9013517,"Memphis, TN"
9013528,"Memphis, TN"
9013518,"Memphis, TN"
9013523,"Memphis, TN"
9002012,"Medford, MA"
9001981,"Boston, MA"
9032457,"Lincoln, CA"
9032537,"Sacramento, CA"
9032514,"Rancho Cordova, CA"
9032531,"Sacramento, CA"
9032545,"Sacramento, CA"
9032530,"Sacramento, CA"
9032526,"Sacramento, CA"
9032435,"Citrus Heights, CA"
9031287,"Carlsbad, CA"
9027400,"Temple, TX"
9004468,"Westbury, NY"
9004576,"Middle Island, NY"
9004519,"Lindenhurst, NY"
9004527,"Northport, NY"
9004462,"Roosevelt, NY"
9002033,"Bridgewater, MA"
9004541,"Smithtown, NY"
9001954,"Hingham, MA"
9004539,"Selden, NY"
9004483,"Bellmore, NY"
9004561,"Calverton, NY"
9004491,"Centereach, NY"
9004441,"Garden City, NY"
9004509,"Huntington, NY"
9004597,"Yaphank, NY"
9004589,"Shirley, NY"
9004446,"Hempstead, NY"
9004573,"Mastic, NY"
9004464,"Roslyn Heights, NY"
9004521,"Massapequa Park, NY"
9004510,"Huntington Station, NY"
9004536,"Saint James, NY"
9004478,"North Babylon, NY"
9004555,"Old Bethpage, NY"
9004503,"Farmingdale, NY"
9004553,"Hicksville, NY"
9004534,"Rocky Point, NY"
9004447,"West Hempstead, NY"
9004537,"Cherry Grove, NY"
9004083,"New York, NY"
9004379,"Flushing, NY"
9007849,"Glen Burnie, MD"
9004168,"Bronx, NY"
9011751,"Deltona, FL"
9011812,"Orlando, FL"
9028309,"Austin, TX"
9027437,"Taylor, TX"
9028310,"Austin, TX"
9028306,"Austin, TX"
9021604,"Bolingbrook, IL"
9028239,"Georgetown, TX"
9017487,"Holland, MI"
9025861,"West Memphis, AR"
9013758,"Southaven, MS"
9003713,"Flanders, NJ"
9017519,"Grand Rapids, MI"
9013747,"Olive Branch, MS"
9021509,"Elgin, IL"
9003205,"Vernon Rockville, CT"
9003193,"Manchester, CT"
9017429,"Bailey, MI"
9017499,"Muskegon, MI"
9017490,"Jenison, MI"
9017498,"Muskegon, MI"
9028707,"Arvada, CO"
9028756,"Littleton, CO"
9029822,"Willard, UT"
9017523,"Grand Rapids, MI"
9031637,"Santa Barbara, CA"
9031638,"Santa Barbara, CA"
9031641,"Santa Barbara, CA"
9028297,"Austin, TX"
9004071,"New York, NY"
9004056,"New York, NY"
9004089,"New York, NY"
9011763,"Mount Dora, FL"
9004408,"Saint Albans, NY"
9004399,"Rego Park, NY"
9004082,"New York, NY"
9021655,"Aurora, IL"
9028277,"Austin, TX"
9004171,"Bronx, NY"
9004065,"New York, NY"
9012416,"Saint Cloud, FL"
9011792,"Orlando, FL"
9004401,"Woodside, NY"
9004064,"New York, NY"
9004062,"New York, NY"
9007919,"Catonsville, MD"
9007925,"Nottingham, MD"
9004162,"Bronx, NY"
9011790,"Orlando, FL"
9004067,"New York, NY"
9011757,"Deltona, FL"
9011770,"Sanford, FL"
9004080,"New York, NY"
9031150,"Newbury Park, CA"
9011761,"Eatonville, FL"
9011767,"Oviedo, FL"
9031645,"Santa Barbara, CA"
9028244,"Hutto, TX"
9011780,"Titusville, FL"
9011786,"Orlando, FL"
9031174,"Thousand Oaks, CA"
9011787,"Orlando, FL"
9011785,"Orlando, FL"
9028217,"Bastrop, TX"
9011806,"Orlando, FL"
9023236,"Kansas City, MO"
9011759,"Lake Mary, FL"
9028321,"Austin, TX"
9011801,"Orlando, FL"
9007926,"Rosedale, MD"
9004173,"Bronx, NY"
9004072,"New York, NY"
9004381,"College Point, NY"
9028226,"Cedar Park, TX"
9021553,"West Chicago, IL"
9011815,"Orlando, FL"
9031619,"Carpinteria, CA"
9019682,"Minneapolis, MN"
9019680,"Minneapolis, MN"
9021695,"Warrenville, IL"
9011796,"Orlando, FL"
9031639,"Santa Barbara, CA"
9021698,"Westmont, IL"
9028284,"Austin, TX"
9012420,"Windermere, FL"
9028275,"Round Rock, TX"
9021654,"Aurora, IL"
9011814,"Orlando, FL"
9012415,"Saint Cloud, FL"
9011797,"Orlando, FL"
9021700,"Willowbrook, IL"
9028287,"Austin, TX"
9028301,"Austin, TX"
9028278,"Austin, TX"
9021701,"Naperville, IL"
9028276,"Austin, TX"
9028295,"Austin, TX"
9021681,"Naperville, IL"
9021554,"Wheaton, IL"
9028267,"Round Rock, TX"
9028322,"Austin, TX"
9011614,"Panama City, FL"
9013145,"Murfreesboro, TN"
9030937,"Los Angeles, CA"
9012211,"Fort Myers, FL"
9033304,"Auburn, WA"
9033273,"Kent, WA"
9033419,"Buckley, WA"
9033267,"Federal Way, WA"
9033459,"Puyallup, WA"
9031961,"San Francisco, CA"
9031906,"Daly City, CA"
9033520,"Chehalis, WA"
9033527,"Elma, WA"
9011694,"Niceville, FL"
9011680,"Fort Walton Beach, FL"
9025390,"Baton Rouge, LA"
9007540,"Washington, DC"
9007909,"Baltimore, MD"
9010687,"Rock Hill, SC"
9007897,"Baltimore, MD"
9007927,"Baltimore, MD"
9010676,"Fort Mill, SC"
9007756,"Highland, MD"
9003510,"Warren, NJ"
9021434,"Crystal Lake, IL"
9021534,"Algonquin, IL"
9021456,"Lake Villa, IL"
9007878,"Reisterstown, MD"
9004243,"White Plains, NY"
9010901,"Newnan, GA"
9016154,"Indianapolis, IN"
9016104,"Greenwood, IN"
9016105,"Greenwood, IN"
9016148,"Indianapolis, IN"
9016077,"Zionsville, IN"
9032176,"San Jose, CA"
9032141,"Los Gatos, CA"
9026905,"Dallas, TX"
9031328,"San Diego, CA"
9004058,"New York, NY"
9012161,"Lakeland, FL"
9012204,"Davenport, FL"
9012179,"Haines City, FL"
9012160,"Lakeland, FL"
9012064,"Zephyrhills, FL"
9012199,"Winter Haven, FL"
9012167,"Lakeland, FL"
9012178,"Frostproof, FL"
9012169,"Auburndale, FL"
9012175,"Dundee, FL"
9054501,"Highland City, FL"
9028913,"Brighton, CO"
9003957,"Trenton, NJ"
9003958,"Trenton, NJ"
9003944,"Princeton, NJ"
9028317,"Austin, TX"
9017449,"Howard City, MI"
9031294,"Escondido, CA"
9031013,"Hermosa Beach, CA"
9016137,"Indianapolis, IN"
9016138,"Indianapolis, IN"
9016045,"Carmel, IN"
9016112,"Martinsville, IN"
9030941,"Los Angeles, CA"
9031073,"Lakewood, CA"
9017283,"Battle Creek, MI"
9007438,"Temple, PA"
9006761,"Akron, PA"
9031337,"San Diego, CA"
9007783,"Potomac, MD"
9017486,"Holland, MI"
9017464,"Sparta, MI"
9017501,"Muskegon, MI"
9017437,"Byron Center, MI"
9017528,"Grand Rapids, MI"
9010691,"York, SC"
9017527,"Grand Rapids, MI"
9017481,"Grand Haven, MI"
9016161,"Indianapolis, IN"
9016065,"Noblesville, IN"
9016142,"Indianapolis, IN"
9016044,"Carmel, IN"
9016159,"Indianapolis, IN"
9016149,"Indianapolis, IN"
9016139,"Indianapolis, IN"
9016103,"Greenfield, IN"
9016100,"Franklin, IN"
9016125,"Plainfield, IN"
9016155,"Indianapolis, IN"
9016116,"Mooresville, IN"
9016162,"Indianapolis, IN"
9016094,"Danville, IN"
9031131,"Glendale, CA"
9033289,"Redmond, WA"
9033296,"North Bend, WA"
9031035,"Inglewood, CA"
9033347,"Everett, WA"
9033507,"Olympia, WA"
9033565,"Yelm, WA"
9033306,"Seattle, WA"
9030949,"Los Angeles, CA"
9031232,"Monterey Park, CA"
9031063,"Pico Rivera, CA"
9033302,"Woodinville, WA"
9007473,"Wilmington, DE"
9026914,"Dallas, TX"
9007365,"West Chester, PA"
9007242,"Glenolden, PA"
9030322,"Prescott, AZ"
9027223,"Haslet, TX"
9007259,"Lansdowne, PA"
9007349,"Glen Mills, PA"
9027306,"Justin, TX"
9030256,"Tucson, AZ"
9030231,"Tucson, AZ"
9030230,"Tucson, AZ"
9030255,"Tucson, AZ"
9030323,"Prescott, AZ"
9027295,"Argyle, TX"
9007370,"Norristown, PA"
9007264,"Newtown Square, PA"
9007376,"Chester Springs, PA"
9030239,"Tucson, AZ"
9030257,"Tucson, AZ"
9007366,"West Chester, PA"
9007268,"Ridley Park, PA"
9007238,"Folcroft, PA"
9027285,"North Richland Hills, TX"
9030238,"Tucson, AZ"
9007267,"Prospect Park, PA"
9030254,"Tucson, AZ"
9011863,"Hollywood, FL"
9027290,"Denton, TX"
9027296,"Aubrey, TX"
9007336,"Paoli, PA"
9027214,"Euless, TX"
9030242,"Tucson, AZ"
9030229,"Tucson, AZ"
9007586,"Leesburg, VA"
9031588,"Fullerton, CA"
9007585,"Herndon, VA"
9031536,"Costa Mesa, CA"
9031569,"Santa Ana, CA"
9007584,"Herndon, VA"
9008183,"Alexandria, VA"
9031602,"Placentia, CA"
9031076,"Los Alamitos, CA"
9011521,"New Smyrna Beach, FL"
9031034,"Inglewood, CA"
9007302,"Philadelphia, PA"
9007285,"Philadelphia, PA"
9007293,"Philadelphia, PA"
9007254,"Levittown, PA"
9007316,"Philadelphia, PA"
9007210,"Warminster, PA"
9007236,"Fairless Hills, PA"
9007201,"Quakertown, PA"
9007178,"Doylestown, PA"
9004477,"Babylon, NY"
9011951,"Hallandale Beach, FL"
9011895,"Pompano Beach, FL"
9011897,"Coral Springs, FL"
9007461,"Newark, DE"
9027727,"Humble, TX"
9028896,"Fort Collins, CO"
9028892,"Firestone, CO"
9012009,"West Palm Beach, FL"
9029601,"Boise, ID"
9029602,"Boise, ID"
9029606,"Boise, ID"
9029600,"Boise, ID"
9017432,"Belmont, MI"
9017522,"Grand Rapids, MI"
9017438,"Caledonia, MI"
9017518,"Grand Rapids, MI"
9028825,"Golden, CO"
9017526,"Wyoming, MI"
9017531,"Grand Rapids, MI"
9017442,"Comstock Park, MI"
9007369,"Conshohocken, PA"
9007196,"Newtown, PA"
9007298,"Philadelphia, PA"
9007327,"Philadelphia, PA"
9007315,"Philadelphia, PA"
9007311,"Philadelphia, PA"
9007382,"Harleysville, PA"
9007383,"Hatfield, PA"
9007319,"Philadelphia, PA"
9007318,"Philadelphia, PA"
9007305,"Philadelphia, PA"
9007388,"North Wales, PA"
9007330,"Philadelphia, PA"
9007312,"Philadelphia, PA"
9007195,"New Hope, PA"
9007301,"Philadelphia, PA"
9007326,"Philadelphia, PA"
9007261,"Morrisville, PA"
9007304,"Philadelphia, PA"
9007181,"Chalfont, PA"
9007325,"Philadelphia, PA"
9007228,"Bensalem, PA"
9007219,"Bristol, PA"
9017524,"Wyoming, MI"
9017521,"Grand Rapids, MI"
9017525,"Grand Rapids, MI"
9017460,"Rockford, MI"
9017530,"Grand Rapids, MI"
9030263,"Tucson, AZ"
9012362,"Spring Hill, FL"
9014935,"Lancaster, OH"
9014914,"Westerville, OH"
9032224,"Lodi, CA"
9004471,"Far Rockaway, NY"
9016368,"Delphi, IN"
9016720,"Lafayette, IN"
9016724,"Lafayette, IN"
9016722,"Lafayette, IN"
9016254,"Mishawaka, IN"
9016262,"Mishawaka, IN"
9016721,"Lafayette, IN"
9016280,"South Bend, IN"
9031065,"Stanton, CA"
9007664,"Bryans Road, MD"
9026496,"Collinsville, OK"
9017266,"Lansing, MI"
9017264,"Lansing, MI"
9019523,"South Saint Paul, MN"
9017265,"Lansing, MI"
9016965,"Rochester Hills, MI"
9004440,"Freeport, NY"
9026838,"Prosper, TX"
9027195,"Arlington, TX"
9027190,"Arlington, TX"
9027208,"Burleson, TX"
9027210,"Cleburne, TX"
9026844,"Rowlett, TX"
9026803,"Plano, TX"
9026871,"Duncanville, TX"
9026820,"Grand Prairie, TX"
9027249,"Fort Worth, TX"
9011611,"Panama City, FL"
9033500,"Tacoma, WA"
9014326,"Lexington, KY"
9014290,"Winchester, KY"
9026948,"Dallas, TX"
9007338,"Avondale, PA"
9007460,"Newark, DE"
9031968,"East Palo Alto, CA"
9027254,"Fort Worth, TX"
9030236,"Tucson, AZ"
9007224,"Chester, PA"
9007356,"Lincoln University, PA"
9007347,"Downingtown, PA"
9007464,"Historic New Castle, DE"
9007442,"Reading, PA"
9007475,"Wilmington, DE"
9007412,"Boyertown, PA"
9007479,"Wilmington, DE"
9007472,"Wilmington, DE"
9007394,"Royersford, PA"
9007421,"Kutztown, PA"
9007343,"Coatesville, PA"
9007410,"Birdsboro, PA"
9007351,"Honey Brook, PA"
9027658,"Houston, TX"
9012444,"Stuart, FL"
9007396,"Collegeville, PA"
9007258,"Media, PA"
9012035,"Greenacres, FL"
9001955,"Hull, MA"
9001966,"Scituate, MA"
9033391,"Monroe, WA"
9033260,"Mill Creek, WA"
9033400,"Stanwood, WA"
9011844,"Vero Beach, FL"
9012032,"Lake Worth Beach, FL"
9033389,"Marysville, WA"
9033382,"Lake Stevens, WA"
9033301,"Issaquah, WA"
9032523,"Sacramento, CA"
9033326,"Seattle, WA"
9033339,"Seattle, WA"
9033291,"Renton, WA"
9012034,"Lake Worth, FL"
9007391,"Blue Bell, PA"
9007390,"Phoenixville, PA"
9033315,"Seattle, WA"
9033309,"Seattle, WA"
9033317,"Seattle, WA"
9033292,"Renton, WA"
9033322,"Seattle, WA"
9033313,"Seattle, WA"
9011848,"Sebastian, FL"
9006954,"Green Lane, PA"
9033277,"Kirkland, WA"
9033324,"Mountlake Terrace, WA"
9033321,"Seattle, WA"
9033319,"Seattle, WA"
9033299,"Woodinville, WA"
9033263,"Duvall, WA"
9033405,"Stanwood, WA"
9033282,"Mercer Island, WA"
9007274,"Chester, PA"
9002044,"Abington, MA"
9001958,"Marshfield, MA"
9002021,"Braintree, MA"
9031134,"Glendale, CA"
9031087,"Long Beach, CA"
9030929,"Los Angeles, CA"
9031042,"Torrance, CA"
9030969,"Los Angeles, CA"
9033505,"Tumwater, WA"
9033511,"Tumwater, WA"
9031203,"North Hollywood, CA"
9031046,"Torrance, CA"
9031247,"San Gabriel, CA"
9030960,"Los Angeles, CA"
9031026,"Redondo Beach, CA"
9031153,"Reseda, CA"
9031143,"Woodland Hills, CA"
9030981,"Los Angeles, CA"
9030962,"Los Angeles, CA"
9023849,"Leavenworth, KS"
9026831,"Mckinney, TX"
9026843,"Rowlett, TX"
9026547,"Tulsa, OK"
9026567,"Tulsa, OK"
9026557,"Tulsa, OK"
9026555,"Tulsa, OK"
9007653,"Waldorf, MD"
9016296,"Columbia City, IN"
9026561,"Tulsa, OK"
9026553,"Tulsa, OK"
9026564,"Tulsa, OK"
9004387,"Little Neck, NY"
9030965,"Commerce, CA"
9031004,"Culver City, CA"
9031024,"Palos Verdes Peninsula, CA"
9033553,"Shelton, WA"
9033433,"Graham, WA"
9031078,"San Pedro, CA"
9033549,"Rochester, WA"
9030966,"Los Angeles, CA"
9031023,"Palos Verdes Estates, CA"
9033354,"Arlington, WA"
9030985,"Los Angeles, CA"
9030945,"Los Angeles, CA"
9031092,"Long Beach, CA"
9031005,"Downey, CA"
9033506,"Olympia, WA"
9030970,"Los Angeles, CA"
9030968,"Los Angeles, CA"
9031079,"San Pedro, CA"
9033285,"North Bend, WA"
9033513,"Lacey, WA"
9030944,"Los Angeles, CA"
9033449,"Orting, WA"
9031025,"Redondo Beach, CA"
9031090,"Long Beach, CA"
9030955,"Los Angeles, CA"
9031135,"Glendale, CA"
9033423,"Dupont, WA"
9030984,"Los Angeles, CA"
9031012,"Hawthorne, CA"
9030950,"Los Angeles, CA"
9030958,"Los Angeles, CA"
9031257,"Alhambra, CA"
9007295,"Philadelphia, PA"
9006959,"Macungie, PA"
9033784,"Spokane, WA"
9031304,"Oceanside, CA"
9023213,"Warrensburg, MO"
9023225,"Kansas City, MO"
9011830,"Melbourne, FL"
9001779,"Groton, MA"
9023176,"Holden, MO"
9023201,"Peculiar, MO"
9023199,"Odessa, MO"
9023202,"Platte City, MO"
9023872,"Spring Hill, KS"
9007581,"Sterling, VA"
9028300,"Lakeway, TX"
9012218,"Fort Myers, FL"
9012208,"Cape Coral, FL"
9012267,"Naples, FL"
9054499,"Punta Gorda, FL"
9012216,"Fort Myers, FL"
9012217,"North Fort Myers, FL"
9012206,"Fort Myers, FL"
9012269,"Bonita Springs, FL"
9012227,"Lehigh Acres, FL"
9012212,"Cape Coral, FL"
9012246,"Lehigh Acres, FL"
9012242,"Fort Myers, FL"
9012207,"North Fort Myers, FL"
9005603,"Le Roy, NY"
9012261,"Naples, FL"
9012245,"Lehigh Acres, FL"
9012209,"Fort Myers, FL"
9012213,"Fort Myers, FL"
9012244,"Lehigh Acres, FL"
9012252,"Cape Coral, FL"
9004358,"Brooklyn, NY"
9007712,"Beltsville, MD"
9016170,"Indianapolis, IN"
9004367,"Brooklyn, NY"
9030818,"Las Vegas, NV"
9030801,"Las Vegas, NV"
9027844,"Rosharon, TX"
9027791,"Katy, TX"
9010488,"Charleston, SC"
9032185,"San Jose, CA"
9031742,"Morro Bay, CA"
9021564,"Evanston, IL"
9007913,"Dundalk, MD"
9027248,"Fort Worth, TX"
9027281,"Fort Worth, TX"
9011983,"Plantation, FL"
9007921,"Brooklyn, MD"
9021444,"Grayslake, IL"
9010835,"Mableton, GA"
9007937,"Annapolis, MD"
9021508,"Hanover Park, IL"
9007529,"Washington, DC"
9011864,"Pembroke Pines, FL"
9011965,"Oakland Park, FL"
9010756,"Alpharetta, GA"
9007912,"Essex, MD"
9010754,"Alpharetta, GA"
9021475,"Skokie, IL"
9007515,"Millsboro, DE"
9011887,"Pompano Beach, FL"
9021436,"Des Plaines, IL"
9008072,"Salisbury, MD"
9011987,"Davie, FL"
9008237,"Spotsylvania, VA"
9021561,"Schaumburg, IL"
9001812,"Northborough, MA"
9007918,"Halethorpe, MD"
9021477,"Spring Grove, IL"
9021438,"Fox Lake, IL"
9021448,"Highland Park, IL"
9021432,"Crystal Lake, IL"
9011861,"Hollywood, FL"
9007881,"Severna Park, MD"
9007725,"Laurel, MD"
9021431,"Barrington, IL"
9007510,"Lewes, DE"
9007563,"Centreville, VA"
9011986,"Weston, FL"
9011888,"Pompano Beach, FL"
9011890,"Pompano Beach, FL"
9008188,"Alexandria, VA"
9007852,"Elkridge, MD"
9021463,"Mundelein, IL"
9007723,"Bowie, MD"
9007853,"Elkridge, MD"
9012024,"Deerfield Beach, FL"
9012019,"Boynton Beach, FL"
9021559,"Hoffman Estates, IL"
9008133,"Fairfax, VA"
9008153,"Triangle, VA"
9011889,"Pompano Beach, FL"
9021458,"Libertyville, IL"
9021454,"Lake Bluff, IL"
9011979,"Oakland Park, FL"
9007592,"Warrenton, VA"
9008150,"Springfield, VA"
9007726,"Laurel, MD"
9011892,"Pompano Beach, FL"
9008073,"Salisbury, MD"
9021467,"Palatine, IL"
9001774,"Ayer, MA"
9021481,"Waukegan, IL"
9010803,"Smyrna, GA"
9007848,"Glen Burnie, MD"
9007722,"Bowie, MD"
9011851,"Hallandale Beach, FL"
9007489,"Bethany Beach, DE"
9007504,"Georgetown, DE"
9011974,"Oakland Park, FL"
9021461,"Morton Grove, IL"
9021426,"Antioch, IL"
9011991,"Oakland Park, FL"
9007496,"Delmar, DE"
9021460,"Mchenry, IL"
9007845,"Gambrills, MD"
9007872,"Pasadena, MD"
9007880,"Severn, MD"
9010832,"Lithia Springs, GA"
9001791,"Townsend, MA"
9007941,"Annapolis, MD"
9011894,"Pompano Beach, FL"
9007500,"Frankford, DE"
9007546,"Washington, DC"
9011992,"Tamarac, FL"
9007720,"Bowie, MD"
9011898,"Pompano Beach, FL"
9001775,"Ayer, MA"
9011891,"Pompano Beach, FL"
9011973,"Oakland Park, FL"
9008124,"Burke, VA"
9011865,"Miramar, FL"
9007838,"Columbia, MD"
9011899,"Coral Springs, FL"
9026796,"Carrollton, TX"
9026913,"Dallas, TX"
9008090,"Ocean City, MD"
9001780,"Harvard, MA"
9010850,"Dallas, GA"
9007869,"Crofton, MD"
9007765,"Jessup, MD"
9028897,"Fort Collins, CO"
9002005,"Chelsea, MA"
9028763,"Parker, CO"
9031614,"Ventura, CA"
9004372,"Brooklyn, NY"
9007742,"Dunkirk, MD"
9011480,"Saint Augustine, FL"
9031222,"Rancho Cucamonga, CA"
9009598,"High Point, NC"
9007441,"Womelsdorf, PA"
9028234,"Elgin, TX"
9016060,"Lebanon, IN"
9001873,"Framingham, MA"
9007820,"Bel Air, MD"
9028890,"Erie, CO"
9030961,"Los Angeles, CA"
9031020,"Manhattan Beach, CA"
9016066,"Noblesville, IN"
9031031,"Los Angeles, CA"
9007738,"Suitland, MD"
9013085,"Brentwood, TN"
9004155,"Staten Island, NY"
9031293,"Encinitas, CA"
9012243,"Lehigh Acres, FL"
9007835,"Ellicott City, MD"
9005172,"Syracuse, NY"
9021663,"Woodridge, IL"
9011488,"Saint Augustine, FL"
9030232,"Tucson, AZ"
9031313,"San Marcos, CA"
9004164,"Bronx, NY"
9012038,"Jupiter, FL"
9011768,"Oviedo, FL"
9011782,"Orlando, FL"
9025151,"New Orleans, LA"
9017321,"Marcellus, MI"
9032511,"Pollock Pines, CA"
9031226,"Hacienda Heights, CA"
9011538,"Jacksonville, FL"
9012284,"Bradenton, FL"
9016265,"Shipshewana, IN"
9004317,"Floral Park, NY"
9012223,"Estero, FL"
9004357,"Brooklyn, NY"
9004415,"South Richmond Hill, NY"
9004144,"Staten Island, NY"
9031582,"Anaheim, CA"
9031543,"Huntington Beach, CA"
9011568,"Jacksonville, FL"
9011569,"Jacksonville, FL"
9012016,"Boca Raton, FL"
9017237,"Owosso, MI"
9017422,"Stockbridge, MI"
9017203,"East Lansing, MI"
9017267,"Lansing, MI"
9017037,"Burton, MI"
9017201,"Dimondale, MI"
9021510,"Elgin, IL"
9027641,"Houston, TX"
9011218,"Monticello, GA"
9008393,"Glen Allen, VA"
9008422,"Mechanicsville, VA"
9008375,"Ashland, VA"
9008453,"Montpelier, VA"
9011869,"Pembroke Pines, FL"
9016967,"Sterling Heights, MI"
9016843,"Warren, MI"
9016841,"Warren, MI"
9016842,"Warren, MI"
9016836,"Saint Clair Shores, MI"
9016787,"Center Line, MI"
9016809,"Mount Clemens, MI"
9016822,"Roseville, MI"
9011977,"Fort Lauderdale, FL"
9011976,"Fort Lauderdale, FL"
9016800,"Mount Clemens, MI"
9016972,"Shelby Township, MI"
9012188,"Lake Wales, FL"
9012205,"Lake Wales, FL"
9011981,"Fort Lauderdale, FL"
9011867,"Miramar, FL"
9011985,"Weston, FL"
9011972,"Oakland Park, FL"
9011980,"Tamarac, FL"
9012177,"Fort Meade, FL"
9012185,"Lake Wales, FL"
9003342,"Middletown, CT"
9007306,"Philadelphia, PA"
9014261,"Georgetown, KY"
9014319,"Lexington, KY"
9014308,"Richmond, KY"
9014278,"Paris, KY"
9014273,"Nicholasville, KY"
9014304,"Berea, KY"
9014292,"Berea, KY"
9014322,"Lexington, KY"
9014324,"Lexington, KY"
9014295,"Danville, KY"
9014315,"Lexington, KY"
9014312,"Lexington, KY"
9004253,"Hastings On Hudson, NY"
9016954,"Detroit, MI"
9016942,"Detroit, MI"
9016938,"Detroit, MI"
9016946,"Detroit, MI"
9016945,"Detroit, MI"
9016966,"Sterling Heights, MI"
9016933,"Detroit, MI"
9016940,"Detroit, MI"
9016951,"Detroit, MI"
9016922,"Detroit, MI"
9008246,"Woodford, VA"
9016971,"Shelby Township, MI"
9016931,"Hamtramck, MI"
9004199,"Dobbs Ferry, NY"
9004200,"Elmsford, NY"
9016925,"Detroit, MI"
9016936,"River Rouge, MI"
9016924,"Detroit, MI"
9016934,"Detroit, MI"
9016928,"Detroit, MI"
9016932,"Detroit, MI"
9016950,"Detroit, MI"
9017029,"Fenton, MI"
9016920,"Detroit, MI"
9016865,"Dearborn, MI"
9016850,"Allen Park, MI"
9016867,"Dearborn Heights, MI"
9016944,"Detroit, MI"
9016941,"Detroit, MI"
9004233,"Scarsdale, NY"
9004255,"Bronxville, NY"
9012270,"Bonita Springs, FL"
9012238,"Sanibel, FL"
9012260,"Naples, FL"
9012210,"Fort Myers, FL"
9016276,"South Bend, IN"
9028928,"Henderson, CO"
9031296,"Escondido, CA"
9021694,"Sugar Grove, IL"
9003651,"Rochelle Park, NJ"
9010778,"Cumming, GA"
9010858,"Jasper, GA"
9010843,"Jasper, GA"
9031353,"San Diego, CA"
9011027,"Dahlonega, GA"
9031319,"Valley Center, CA"
9003613,"Haledon, NJ"
9003700,"Dover, NJ"
9003657,"Westwood, NJ"
9011028,"Dawsonville, GA"
9003611,"Paterson, NJ"
9010847,"Jasper, GA"
9028740,"Castle Rock, CO"
9028767,"Parker, CO"
9028736,"Castle Rock, CO"
9012510,"Pell City, AL"
9012513,"Pell City, AL"
9004147,"Staten Island, NY"
9004369,"Brooklyn, NY"
9004338,"Brooklyn, NY"
9004151,"Staten Island, NY"
9004342,"Brooklyn, NY"
9004349,"Brooklyn, NY"
9004341,"Brooklyn, NY"
9004076,"New York, NY"
9004339,"Brooklyn, NY"
9004373,"Brooklyn, NY"
9004078,"New York, NY"
9004346,"Brooklyn, NY"
9004352,"Brooklyn, NY"
9032170,"San Jose, CA"
9004470,"Woodmere, NY"
9011062,"Toccoa, GA"
9004075,"New York, NY"
9028257,"Manor, TX"
9004219,"Mount Vernon, NY"
9004088,"New York, NY"
9004163,"Bronx, NY"
9016074,"Westfield, IN"
9016150,"Indianapolis, IN"
9004165,"Bronx, NY"
9005090,"East Syracuse, NY"
9004249,"Yonkers, NY"
9004177,"Bronx, NY"
9004093,"New York, NY"
9004096,"New York, NY"
9004176,"Bronx, NY"
9004069,"New York, NY"
9004178,"Bronx, NY"
9004405,"Ridgewood, NY"
9004174,"Bronx, NY"
9004175,"Bronx, NY"
9004060,"New York, NY"
9004331,"Long Island City, NY"
9005070,"Baldwinsville, NY"
9004393,"Corona, NY"
9026262,"Oklahoma City, OK"
9004002,"Clinton, NJ"
9004398,"Elmhurst, NY"
9004079,"New York, NY"
9004336,"Astoria, NY"
9004157,"Bronx, NY"
9004220,"Mount Vernon, NY"
9004395,"East Elmhurst, NY"
9004333,"Astoria, NY"
9004116,"New York, NY"
9015721,"Cincinnati, OH"
9004091,"New York, NY"
9005173,"Syracuse, NY"
9004085,"New York, NY"
9004403,"Middle Village, NY"
9004068,"New York, NY"
9010907,"Senoia, GA"
9010885,"Hogansville, GA"
9005174,"Syracuse, NY"
9008454,"Richmond, VA"
9016279,"South Bend, IN"
9005192,"Camden, NY"
9003841,"Deptford, NJ"
9017306,"Dowagiac, MI"
9027725,"Spring, TX"
9016160,"Indianapolis, IN"
9026933,"Dallas, TX"
9004334,"Sunnyside, NY"
9016789,"Eastpointe, MI"
9004169,"Bronx, NY"
9016844,"Warren, MI"
9016807,"Mount Clemens, MI"
9016835,"Saint Clair Shores, MI"
9004074,"New York, NY"
9004251,"Yonkers, NY"
9004070,"New York, NY"
9004332,"Astoria, NY"
9016969,"Sterling Heights, MI"
9017347,"White Pigeon, MI"
9003799,"Camden, NJ"
9004061,"New York, NY"
9005081,"Clay, NY"
9016808,"Macomb, MI"
9004063,"New York, NY"
9009745,"Durham, NC"
9012094,"Tampa, FL"
9016802,"Macomb, MI"
9012123,"Saint Petersburg, FL"
9026563,"Tulsa, OK"
9026245,"Oklahoma City, OK"
9004100,"New York, NY"
9016968,"Sterling Heights, MI"
9026263,"Oklahoma City, OK"
9003731,"Hackettstown, NJ"
9008460,"Richmond, VA"
9004172,"Bronx, NY"
9012292,"Palmetto, FL"
9014409,"Florence, KY"
9012153,"Seminole, FL"
9012074,"Lutz, FL"
9007209,"Upper Black Eddy, PA"
9011827,"Cocoa, FL"
9011828,"Cocoa, FL"
9013192,"Nashville, TN"
9013149,"Old Hickory, TN"
9013196,"Nashville, TN"
9013153,"Pegram, TN"
9013114,"Franklin, TN"
9013116,"Franklin, TN"
9013076,"Ashland City, TN"
9004362,"Brooklyn, NY"
9004355,"Brooklyn, NY"
9004153,"Staten Island, NY"
9004360,"Brooklyn, NY"
9004156,"Staten Island, NY"
9004368,"Brooklyn, NY"
9004364,"Brooklyn, NY"
9004343,"Brooklyn, NY"
9004363,"Brooklyn, NY"
9004366,"Brooklyn, NY"
9004086,"New York, NY"
9004152,"Staten Island, NY"
9021679,"Montgomery, IL"
9004087,"New York, NY"
9004348,"Brooklyn, NY"
9004370,"Brooklyn, NY"
9004354,"Brooklyn, NY"
9004361,"Brooklyn, NY"
9004146,"Staten Island, NY"
9004344,"Brooklyn, NY"
9004353,"Brooklyn, NY"
9073497,"Brooklyn, NY"
9004149,"Staten Island, NY"
9007908,"Baltimore, MD"
9011546,"Jacksonville, FL"
9031264,"Chula Vista, CA"
9011542,"Jacksonville, FL"
9011484,"Saint Augustine, FL"
9011485,"Saint Augustine, FL"
9007893,"Baltimore, MD"
9030234,"Tucson, AZ"
9012165,"Lakeland, FL"
9001921,"Lynn, MA"
9011543,"Jacksonville, FL"
9001992,"Jamaica Plain, MA"
9010950,"Atlanta, GA"
9030237,"Tucson, AZ"
9031753,"Santa Maria, CA"
9028912,"Windsor, CO"
9016568,"Bloomington, IN"
9009650,"Greensboro, NC"
9007877,"Randallstown, MD"
9004318,"Elmont, NY"
9010555,"Conway, SC"
9027424,"Killeen, TX"
9010902,"Newnan, GA"
9009566,"Winston Salem, NC"
9009567,"Winston Salem, NC"
9009191,"Hurricane, WV"
9009652,"Greensboro, NC"
9008276,"Culpeper, VA"
9004442,"Glen Cove, NY"
9007736,"Fort Washington, MD"
9009601,"High Point, NC"
9009647,"Greensboro, NC"
9011540,"Jacksonville, FL"
9007728,"Chesapeake Beach, MD"
9001923,"Beverly, MA"
9016894,"Northville, MI"
9007740,"Temple Hills, MD"
9011556,"Jacksonville, FL"
9026489,"Broken Arrow, OK"
9004329,"Port Washington, NY"
9011555,"Atlantic Beach, FL"
9033785,"Spokane Valley, WA"
9004325,"Great Neck, NY"
9032058,"Oakland, CA"
9016499,"Madison, IN"
9053610,"Berkeley, CA"
9004293,"Pearl River, NY"
9007575,"Dulles, VA"
9004189,"Brewster, NY"
9033782,"Spokane, WA"
9004192,"Carmel, NY"
9010772,"Decatur, GA"
9015323,"Cleveland, OH"
9027421,"Killeen, TX"
9025364,"Prairieville, LA"
9016829,"Troy, MI"
9031544,"Huntington Beach, CA"
9007911,"Middle River, MD"
9007596,"Reston, VA"
9001952,"Foxboro, MA"
9009144,"Charleston, WV"
9008062,"Sykesville, MD"
9007535,"Washington, DC"
9033426,"Elbe, WA"
9009656,"Greensboro, NC"
9001999,"Somerville, MA"
9016981,"Farmington, MI"
9004525,"Mount Sinai, NY"
9008234,"Ruther Glen, VA"
9012287,"Bradenton, FL"
9016849,"Troy, MI"
9027420,"Killeen, TX"
9031230,"La Verne, CA"
9009203,"Scott Depot, WV"
9027300,"Decatur, TX"
9032152,"Santa Clara, CA"
9032191,"San Jose, CA"
9002001,"Cambridge, MA"
9007799,"Montgomery Village, MD"
9016798,"Southfield, MI"
9016974,"West Bloomfield, MI"
9016832,"Lathrup Village, MI"
9007772,"Olney, MD"
9001869,"Marlborough, MA"
9012294,"Englewood, FL"
9017006,"Walled Lake, MI"
9004416,"South Ozone Park, NY"
9016827,"Madison Heights, MI"
9007855,"Havre De Grace, MD"
9012293,"Ellenton, FL"
9014879,"Hilliard, OH"
9007858,"Joppa, MD"
9004400,"Forest Hills, NY"
9009599,"High Point, NC"
9031752,"Santa Maria, CA"
9004296,"Pomona, NY"
9015332,"North Royalton, OH"
9007759,"Hyattsville, MD"
9004426,"Jamaica, NY"
9016837,"Troy, MI"
9010962,"Atlanta, GA"
9016977,"Pontiac, MI"
9025122,"Harvey, LA"
9007541,"Washington, DC"
9019611,"Eden Prairie, MN"
9009544,"Lewisville, NC"
9004571,"Jamesport, NY"
9004467,"Valley Stream, NY"
9007732,"Hyattsville, MD"
9016979,"Waterford, MI"
9028925,"Greeley, CO"
9007733,"College Park, MD"
9025124,"Kenner, LA"
9025123,"Kenner, LA"
9004380,"Flushing, NY"
9009550,"Pfafftown, NC"
9003556,"Elizabeth, NJ"
9007821,"Bel Air, MD"
9009138,"Charleston, WV"
9002010,"Revere, MA"
9016854,"Ann Arbor, MI"
9002014,"Quincy, MA"
9016831,"Southfield, MI"
9003857,"Camden, NJ"
9001962,"Millis, MA"
9027242,"Weatherford, TX"
9031180,"Santa Clarita, CA"
9031613,"Oxnard, CA"
9008135,"Fairfax, VA"
9016422,"Lawrenceburg, IN"
9004326,"Manhasset, NY"
9031782,"Littlerock, CA"
9032491,"Volcano, CA"
9004544,"Stony Brook, NY"
9004389,"Oakland Gardens, NY"
9005825,"Beaver Falls, PA"
9025150,"New Orleans, LA"
9016892,"New Hudson, MI"
9033706,"Medical Lake, WA"
9001988,"Mattapan, MA"
9031538,"Dana Point, CA"
9016852,"Ann Arbor, MI"
9004407,"Cambria Heights, NY"
9031623,"Ojai, CA"
9003855,"Camden, NJ"
9008138,"Falls Church, VA"
9011562,"Jacksonville, FL"
9011490,"Saint Augustine, FL"
9031631,"Santa Paula, CA"
9011750,"Deland, FL"
9012189,"Mulberry, FL"
9009648,"Greensboro, NC"
9025099,"Metairie, LA"
9007833,"Edgewood, MD"
9004284,"Monsey, NY"
9027320,"Sanger, TX"
9012522,"Springville, AL"
9008605,"Colonial Heights, VA"
9007882,"Sparks Glencoe, MD"
9010908,"Sharpsburg, GA"
9031625,"Oxnard, CA"
9031624,"Oxnard, CA"
9027589,"Houston, TX"
9032472,"Placerville, CA"
9001978,"Boston, MA"
9008067,"Walkersville, MD"
9011566,"Jacksonville, FL"
9011098,"Royston, GA"
9025114,"Destrehan, LA"
9007796,"Montgomery Village, MD"
9029656,"Rathdrum, ID"
9032180,"San Jose, CA"
9027690,"Kingwood, TX"
9028887,"Berthoud, CO"
9011089,"Good Hope, GA"
9032192,"San Jose, CA"
9007527,"Washington, DC"
9003825,"Gibbstown, NJ"
9016823,"Royal Oak, MI"
9002009,"Chelsea, MA"
9007533,"Washington, DC"
9016902,"South Lyon, MI"
9032186,"San Jose, CA"
9032181,"San Jose, CA"
9002061,"Waltham, MA"
9032184,"San Jose, CA"
9008021,"Frederick, MD"
9007894,"Baltimore, MD"
9009688,"Henderson, NC"
9007920,"Baltimore, MD"
9031722,"Los Osos, CA"
9008397,"Goochland, VA"
9009600,"Archdale, NC"
9016960,"Bloomfield Hills, MI"
9012364,"Spring Hill, FL"
9032449,"Grizzly Flats, CA"
9031993,"Concord, CA"
9014991,"Marion, OH"
9007538,"Washington, DC"
9007654,"Waldorf, MD"
9007700,"Prince Frederick, MD"
9031556,"Mission Viejo, CA"
9011934,"North Miami Beach, FL"
9009137,"Charleston, WV"
9004518,"Levittown, NY"
9010935,"Atlanta, GA"
9010927,"Atlanta, GA"
9004455,"Lynbrook, NY"
9003772,"Cherry Hill, NJ"
9002074,"Waltham, MA"
9004443,"Glen Head, NY"
9025148,"New Orleans, LA"
9025145,"New Orleans, LA"
9004535,"Ronkonkoma, NY"
9004262,"Suffern, NY"
9031542,"Huntington Beach, CA"
9003905,"Millville, NJ"
9012373,"New Port Richey, FL"
9016792,"Franklin, MI"
9012078,"Plant City, FL"
9030196,"Green Valley, AZ"
9005164,"Syracuse, NY"
9007792,"Germantown, MD"
9007914,"Baltimore, MD"
9033788,"Spokane Valley, WA"
9007892,"Randallstown, MD"
9004179,"Bronx, NY"
9007832,"Edgewater, MD"
9011536,"Jacksonville, FL"
9003532,"Montville, NJ"
9009625,"Reidsville, NC"
9031593,"Garden Grove, CA"
9033710,"Otis Orchards, WA"
9010758,"Conyers, GA"
9007902,"Baltimore, MD"
9025155,"New Orleans, LA"
9010922,"Forest Park, GA"
9007885,"Hampstead, MD"
9001991,"Charlestown, MA"
9009645,"Whitsett, NC"
9004424,"Queens Village, NY"
9007798,"Damascus, MD"
9009670,"Chapel Hill, NC"
9016980,"Waterford, MI"
9001997,"Brighton, MA"
9009564,"Winston Salem, NC"
9008054,"New Market, MD"
9004417,"Woodhaven, NY"
9026542,"Tulsa, OK"
9017305,"Delton, MI"
9008187,"Alexandria, VA"
9026490,"Broken Arrow, OK"
9010889,"Jonesboro, GA"
9008603,"Chesterfield, VA"
9017010,"Wixom, MI"
9004475,"Rockaway Park, NY"
9016963,"Rochester, MI"
9007779,"Rockville, MD"
9001986,"Dorchester Center, MA"
9008129,"Fairfax, VA"
9004438,"Cedarhurst, NY"
9027240,"Springtown, TX"
9009604,"Jamestown, NC"
9003676,"Freehold, NJ"
9031288,"Carlsbad, CA"
9016953,"Oak Park, MI"
9016989,"Clarkston, MI"
9029652,"Post Falls, ID"
9007289,"Philadelphia, PA"
9015308,"Cleveland, OH"
9015330,"Independence, OH"
9012301,"Sarasota, FL"
9004574,"Mastic Beach, NY"
9009534,"Clemmons, NC"
9009593,"Gibsonville, NC"
9009582,"Burlington, NC"
9009563,"Yadkinville, NC"
9015333,"Cleveland, OH"
9032085,"El Sobrante, CA"
9031982,"Alamo, CA"
9016992,"Highland, MI"
9008155,"Oakton, VA"
9031056,"Buena Park, CA"
9004840,"Fishkill, NY"
9004542,"Hauppauge, NY"
9017003,"Walled Lake, MI"
9004016,"High Bridge, NJ"
9031548,"Laguna Hills, CA"
9004454,"Long Beach, NY"
9007536,"Washington, DC"
9008236,"Spotsylvania, VA"
9011007,"Gainesville, GA"
9009609,"Lexington, NC"
9012091,"Valrico, FL"
9011547,"Jacksonville, FL"
9016983,"Farmington, MI"
9003963,"Trenton, NJ"
9002163,"Attleboro Falls, MA"
9008200,"Fredericksburg, VA"
9004515,"Hicksville, NY"
9027619,"Houston, TX"
9031533,"Irvine, CA"
9011479,"Orange Park, FL"
9004414,"Richmond Hill, NY"
9004429,"Jamaica, NY"
9007904,"Baltimore, MD"
9027308,"Krum, TX"
9011760,"Longwood, FL"
9005668,"Rochester, NY"
9031727,"Atascadero, CA"
9008456,"Richmond, VA"
9011794,"Orlando, FL"
9012174,"Davenport, FL"
9012402,"Kissimmee, FL"
9012403,"Kissimmee, FL"
9001932,"Marblehead, MA"
9031610,"Yorba Linda, CA"
9010933,"Atlanta, GA"
9001983,"Roxbury Crossing, MA"
9004290,"Orangeburg, NY"
9017331,"Plainwell, MI"
9004337,"Long Island City, NY"
9005677,"Rochester, NY"
9032494,"Wheatland, CA"
9012361,"Brooksville, FL"
9017307,"Kalamazoo, MI"
9032071,"Oakland, CA"
9001957,"Mansfield, MA"
9012401,"Kissimmee, FL"
9008461,"Richmond, VA"
9031920,"Moss Beach, CA"
9003995,"Lakehurst, NJ"
9031525,"Irvine, CA"
9031777,"Lake Hughes, CA"
9031054,"Buena Park, CA"
9032079,"Berkeley, CA"
9004456,"Malverne, NY"
9011560,"Atlantic Beach, FL"
9011564,"Jacksonville Beach, FL"
9007682,"Huntingtown, MD"
9028893,"Fort Collins, CO"
9031735,"Pismo Beach, CA"
9031726,"Pismo Beach, CA"
9007862,"Lutherville Timonium, MD"
9005665,"Rochester, NY"
9001975,"Boston, MA"
9026508,"Jenks, OK"
9030261,"Tucson, AZ"
9010957,"Atlanta, GA"
9027401,"Temple, TX"
9009549,"Mount Airy, NC"
9004289,"Nyack, NY"
9031751,"Santa Margarita, CA"
9011009,"Alto, GA"
9011039,"Homer, GA"
9008055,"New Windsor, MD"
9032067,"Oakland, CA"
9011040,"Braselton, GA"
9011068,"Athens, GA"
9001987,"Roxbury, MA"
9032043,"San Ramon, CA"
9015018,"Richwood, OH"
9011811,"Orlando, FL"
9012086,"Riverview, FL"
9011054,"Flowery Branch, GA"
9012232,"Port Charlotte, FL"
9027426,"Little River Academy, TX"
9031568,"Santa Ana, CA"
9012163,"Lakeland, FL"
9001996,"Boston, MA"
9031590,"Garden Grove, CA"
9010785,"Covington, GA"
9011788,"Orlando, FL"
9005176,"Syracuse, NY"
9031524,"Irvine, CA"
9007857,"Jarrettsville, MD"
9007542,"Temple Hills, MD"
9031586,"Fullerton, CA"
9016984,"Farmington, MI"
9004566,"East Moriches, NY"
9004466,"Valley Stream, NY"
9007870,"Owings Mills, MD"
9003804,"Juliustown, NJ"
9011742,"Casselberry, FL"
9029883,"Nephi, UT"
9007907,"Baltimore, MD"
9033781,"Spokane Valley, WA"
9008218,"King George, VA"
9004412,"Brooklyn, NY"
9031560,"Rancho Santa Margarita, CA"
9016901,"Saline, MI"
9011746,"Orange City, FL"
9012099,"Tampa, FL"
9033718,"Spokane Valley, WA"
9011563,"Jacksonville, FL"
9010771,"Decatur, GA"
9011747,"Altamonte Springs, FL"
9004287,"New City, NY"
9002000,"Cambridge, MA"
9009568,"Winston Salem, NC"
9009569,"Winston Salem, NC"
9031181,"Newhall, CA"
9008052,"Mount Airy, MD"
9031561,"Westminster, CA"
9007791,"Damascus, MD"
9003830,"Deptford, NJ"
9031571,"Santa Ana, CA"
9003675,"Farmingdale, NJ"
9031567,"Santa Ana, CA"
9007924,"Parkville, MD"
9012303,"Sarasota, FL"
9025126,"La Place, LA"
9031169,"Santa Clarita, CA"
9011771,"Sanford, FL"
9011745,"Apopka, FL"
9008420,"Midlothian, VA"
9016883,"Livonia, MI"
9015274,"Macedonia, OH"
9025344,"Gonzales, LA"
9003811,"Mantua, NJ"
9008045,"Brunswick, MD"
9007522,"Smyrna, DE"
9012302,"Sarasota, FL"
9031572,"Santa Ana, CA"
9031573,"Fountain Valley, CA"
9007814,"Aberdeen, MD"
9028919,"Eaton, CO"
9031059,"La Mirada, CA"
9004436,"Baldwin, NY"
9031570,"Santa Ana, CA"
9009572,"Winston Salem, NC"
9007532,"Washington, DC"
9011571,"Jacksonville, FL"
9031210,"Chino Hills, CA"
9032040,"San Leandro, CA"
9008470,"North Chesterfield, VA"
9007939,"Annapolis, MD"
9003680,"Holmdel, NJ"
9026568,"Tulsa, OK"
9008466,"Henrico, VA"
9001961,"Bellingham, MA"
9012095,"Tampa, FL"
9031298,"Escondido, CA"
9004858,"New Windsor, NY"
9031350,"San Diego, CA"
9032001,"El Cerrito, CA"
9015423,"Deerfield, OH"
9007498,"Felton, DE"
9032471,"Pioneer, CA"
9031058,"La Habra, CA"
9033787,"Spokane, WA"
9033692,"Cheney, WA"
9032621,"Marysville, CA"
9032555,"Marysville, CA"
9031258,"Alpine, CA"
9021702,"Fox Valley, IL"
9016785,"Birmingham, MI"
9007825,"Clarksville, MD"
9008050,"Middletown, MD"
9031554,"San Clemente, CA"
9031166,"Santa Clarita, CA"
9007520,"Seaford, DE"
9031539,"Lake Forest, CA"
9004485,"Bethpage, NY"
9032087,"San Pablo, CA"
9007526,"Washington, DC"
9026565,"Tulsa, OK"
9004419,"Hollis, NY"
9031621,"Moorpark, CA"
9003900,"Landisville, NJ"
9002008,"Chelsea, MA"
9011866,"Pembroke Pines, FL"
9002142,"Attleboro, MA"
9007836,"Columbia, MD"
9012286,"Bradenton, FL"
9011791,"Orlando, FL"
9016853,"Ann Arbor, MI"
9008376,"Aylett, VA"
9011776,"Titusville, FL"
9003778,"Beach Haven, NJ"
9015302,"Cleveland, OH"
9007531,"Washington, DC"
9004418,"Rosedale, NY"
9031172,"Thousand Oaks, CA"
9004382,"Whitestone, NY"
9031606,"Corona, CA"
9012283,"Bradenton, FL"
9012299,"Sarasota, FL"
9007929,"Windsor Mill, MD"
9007539,"Washington, DC"
9012325,"Venice, FL"
9003856,"Camden, NJ"
9016976,"West Bloomfield, MI"
9031534,"Capistrano Beach, CA"
9007887,"Westminster, MD"
9032027,"Orinda, CA"
9011807,"Orlando, FL"
9025153,"New Orleans, LA"
9004340,"Brooklyn, NY"
9011966,"Oakland Park, FL"
9017004,"Milford, MI"
9025149,"New Orleans, LA"
9030240,"Tucson, AZ"
9005625,"Penfield, NY"
9016799,"Southfield, MI"
9004351,"Brooklyn, NY"
9012295,"Englewood, FL"
9011756,"Eustis, FL"
9007810,"Silver Spring, MD"
9028926,"Greeley, CO"
9031997,"Concord, CA"
9004495,"Commack, NY"
9005653,"Webster, NY"
9017467,"Wayland, MI"
9017329,"Otsego, MI"
9012300,"Sarasota, FL"
9032025,"Oakley, CA"
9021519,"Glen Ellyn, IL"
9012291,"Parrish, FL"
9012378,"Port Richey, FL"
9001979,"Boston, MA"
9029625,"Coeur D Alene, ID"
9009704,"New Hill, NC"
9004484,"Bellport, NY"
9031447,"Loma Linda, CA"
9007782,"Rockville, MD"
9004345,"Brooklyn, NY"
9007840,"Finksburg, MD"
9031320,"Vista, CA"
9021504,"Dekalb, IL"
9026549,"Tulsa, OK"
9026235,"Tuttle, OK"
9007996,"Newcomb, MD"
9015350,"Aurora, OH"
9015367,"Hudson, OH"
9031980,"Discovery Bay, CA"
9031280,"Spring Valley, CA"
9031315,"Santee, CA"
9031344,"San Diego, CA"
9004430,"South Ozone Park, NY"
9005658,"Rochester, NY"
9031269,"Chula Vista, CA"
9013129,"La Vergne, TN"
9013121,"Hendersonville, TN"
9032145,"Morgan Hill, CA"
9003172,"Bloomfield, CT"
9003245,"Hartford, CT"
9003186,"Farmington, CT"
9003217,"Enfield, CT"
9003238,"Newington, CT"
9003197,"New Britain, CT"
9003227,"Windsor, CT"
9010577,"Longs, SC"
9003235,"Hartford, CT"
9003231,"Hartford, CT"
9003240,"Hartford, CT"
9003323,"Cromwell, CT"
9010587,"Myrtle Beach, SC"
9010585,"Myrtle Beach, SC"
9003232,"West Hartford, CT"
9010575,"Little River, SC"
9003171,"Avon, CT"
9004882,"Wappingers Falls, NY"
9004849,"Lagrangeville, NY"
9004867,"Lagrangeville, NY"
9004828,"Beacon, NY"
9005678,"Rochester, NY"
9010828,"Carrollton, GA"
9010863,"Villa Rica, GA"
9004498,"Deer Park, NY"
9016781,"Allenton, MI"
9008432,"Powhatan, VA"
9008593,"Petersburg, VA"
9007525,"Washington, DC"
9008111,"Port Deposit, MD"
9008121,"Elkton, MD"
9008117,"Colora, MD"
9013952,"Jackson, MS"
9012990,"Mobile, AL"
9028050,"San Antonio, TX"
9009936,"Monroe, NC"
9028088,"San Antonio, TX"
9016058,"Kirklin, IN"
9013954,"Jackson, MS"
9023874,"Tonganoxie, KS"
9027582,"Houston, TX"
9009919,"Huntersville, NC"
9004744,"Schenectady, NY"
9004728,"Albany, NY"
9028248,"Kyle, TX"
9028084,"San Antonio, TX"
9016342,"Fort Wayne, IN"
9004730,"Albany, NY"
9015781,"Miamisburg, OH"
9004746,"Schenectady, NY"
9027689,"Humble, TX"
9015631,"Maineville, OH"
9015827,"Dayton, OH"
9027706,"Porter, TX"
9012979,"Mobile, AL"
9005544,"Buffalo, NY"
9004684,"Rensselaer, NY"
9005508,"North Tonawanda, NY"
9026814,"Garland, TX"
9007180,"Buckingham, PA"
9014054,"Moss Point, MS"
9027722,"Conroe, TX"
9028035,"Schertz, TX"
9012995,"Mobile, AL"
9026880,"Mesquite, TX"
9013935,"Tougaloo, MS"
9015857,"Springfield, OH"
9012983,"Mobile, AL"
9028089,"San Antonio, TX"
9004649,"Glenmont, NY"
9027678,"Conroe, TX"
9027676,"Conroe, TX"
9015767,"Germantown, OH"
9004725,"Wynantskill, NY"
9013953,"Jackson, MS"
9028043,"San Antonio, TX"
9016348,"Fort Wayne, IN"
9007331,"Philadelphia, PA"
9015695,"Cincinnati, OH"
9009920,"Indian Trail, NC"
9008464,"Henrico, VA"
9010497,"North Charleston, SC"
9028070,"San Antonio, TX"
9015622,"Franklin, OH"
9013880,"Brandon, MS"
9028056,"San Antonio, TX"
9028051,"San Antonio, TX"
9015821,"Dayton, OH"
9028086,"San Antonio, TX"
9026855,"Cedar Hill, TX"
9027607,"Houston, TX"
9028092,"San Antonio, TX"
9012994,"Mobile, AL"
9004661,"Johnstown, NY"
9005502,"Medina, NY"
9013949,"Jackson, MS"
9027584,"Houston, TX"
9009909,"Gastonia, NC"
9004732,"Albany, NY"
9015649,"Amelia, OH"
9028062,"San Antonio, TX"
9004740,"Schenectady, NY"
9004743,"Schenectady, NY"
9005111,"Liverpool, NY"
9015676,"Milford, OH"
9004717,"Waterford, NY"
9009984,"Charlotte, NC"
9015763,"Enon, OH"
9027724,"Spring, TX"
9013495,"Mason, TN"
9013507,"Somerville, TN"
9009994,"Charlotte, NC"
9013883,"Clinton, MS"
9027634,"Houston, TX"
9028022,"New Braunfels, TX"
9028057,"San Antonio, TX"
9027685,"Cleveland, TX"
9010491,"North Charleston, SC"
9013927,"Ridgeland, MS"
9028077,"Jbsa Lackland, TX"
9013481,"Drummonds, TN"
9015646,"West Chester, OH"
9010525,"Mount Pleasant, SC"
9028308,"Austin, TX"
9005553,"Buffalo, NY"
9004959,"Greenfield Center, NY"
9009983,"Charlotte, NC"
9015814,"Xenia, OH"
9004606,"Ballston Spa, NY"
9004610,"Broadalbin, NY"
9005557,"Buffalo, NY"
9004704,"Stillwater, NY"
9004735,"Albany, NY"
9009972,"Charlotte, NC"
9004739,"Schenectady, NY"
9012943,"Grand Bay, AL"
9004718,"Watervliet, NY"
9004733,"Albany, NY"
9009962,"Mount Holly, NC"
9015846,"Dayton, OH"
9005097,"Fulton, NY"
9004742,"Schenectady, NY"
9013951,"Pearl, MS"
9009996,"Charlotte, NC"
9015650,"Batavia, OH"
9028096,"San Antonio, TX"
9016346,"Fort Wayne, IN"
9027680,"Conroe, TX"
9004710,"Troy, NY"
9027585,"Houston, TX"
9009916,"Harrisburg, NC"
9012131,"Saint Petersburg, FL"
9005545,"Buffalo, NY"
9022197,"Champaign, IL"
9023255,"Kansas City, MO"
9013908,"Madison, MS"
9027798,"Pasadena, TX"
9027624,"Houston, TX"
9014396,"Covington, KY"
9028099,"San Antonio, TX"
9028040,"Bulverde, TX"
9012964,"Semmes, AL"
9012961,"Saraland, AL"
9027810,"Channelview, TX"
9026923,"Dallas, TX"
9015640,"Oxford, OH"
9027594,"Houston, TX"
9027601,"Houston, TX"
9015822,"Dayton, OH"
9028316,"Austin, TX"
9004605,"Burnt Hills, NY"
9009980,"Charlotte, NC"
9027603,"Houston, TX"
9015834,"Dayton, OH"
9022221,"Monticello, IL"
9028073,"San Antonio, TX"
9028042,"San Antonio, TX"
9028081,"San Antonio, TX"
9012152,"Seminole, FL"
9013516,"Memphis, TN"
9028009,"Converse, TX"
9026926,"Dallas, TX"
9014398,"Erlanger, KY"
9013483,"Eads, TN"
9012978,"Mobile, AL"
9016286,"Albion, IN"
9015858,"Springfield, OH"
9027699,"New Caney, TX"
9028044,"San Antonio, TX"
9013948,"Jackson, MS"
9005554,"Buffalo, NY"
9004686,"Rexford, NY"
9013893,"Florence, MS"
9013925,"Raymond, MS"
9013959,"Flowood, MS"
9015733,"Cincinnati, OH"
9009975,"Charlotte, NC"
9027588,"Houston, TX"
9005562,"Niagara Falls, NY"
9005468,"Depew, NY"
9015634,"Middletown, OH"
9010673,"Clover, SC"
9010487,"Charleston, SC"
9021493,"Algonquin, IL"
9009752,"Durham, NC"
9015444,"Newton Falls, OH"
9012254,"Cape Coral, FL"
9005669,"Rochester, NY"
9012837,"Anniston, AL"
9010932,"Atlanta, GA"
9010941,"Atlanta, GA"
9006774,"Gap, PA"
9007690,"Indian Head, MD"
9005155,"Verona Beach, NY"
9031632,"Simi Valley, CA"
9016840,"Warren, MI"
9032065,"Oakland, CA"
9007670,"Charlotte Hall, MD"
9016350,"Fort Wayne, IN"
9005079,"Central Square, NY"
9009097,"Red House, WV"
9012842,"Ashland, AL"
9012851,"Lineville, AL"
9012836,"Anniston, AL"
9008008,"Stevensville, MD"
9012528,"Talladega, AL"
9012849,"Heflin, AL"
9012727,"Gadsden, AL"
9004885,"Poughkeepsie, NY"
9012729,"Gadsden, AL"
9007811,"Silver Spring, MD"
9007826,"Cockeysville, MD"
9007903,"Baltimore, MD"
9007837,"Columbia, MD"
9007888,"Westminster, MD"
9016916,"Riverview, MI"
9008240,"Tappahannock, VA"
9015421,"Columbiana, OH"
9007691,"Mechanicsville, MD"
9007686,"Leonardtown, MD"
9030084,"Fountain Hills, AZ"
9026058,"Bentonville, AR"
9009937,"Monroe, NC"
9032964,"Salem, OR"
9032968,"Salem, OR"
9004043,"South Amboy, NJ"
9031895,"Monterey, CA"
9021748,"Chicago, IL"
9021736,"Chicago, IL"
9003647,"Park Ridge, NJ"
9003547,"Newark, NJ"
9003550,"Belleville, NJ"
9011537,"Jacksonville, FL"
9003650,"River Edge, NJ"
9016200,"La Porte, IN"
9003656,"Township Of Washington, NJ"
9003654,"Tenafly, NJ"
9011765,"Orange City, FL"
9003563,"Jersey City, NJ"
9003605,"Wyckoff, NJ"
9003580,"Ho Ho Kus, NJ"
9003604,"West Milford, NJ"
9016337,"Waterloo, IN"
9005071,"Bernhards Bay, NY"
9026742,"Newalla, OK"
9007229,"Bensalem, PA"
9007299,"Philadelphia, PA"
9009672,"Chapel Hill, NC"
9027692,"Kingwood, TX"
9004029,"Monmouth Junction, NJ"
9016136,"Indianapolis, IN"
9016357,"Fort Wayne, IN"
9027664,"Houston, TX"
9026521,"Owasso, OK"
9003797,"Cherry Hill, NJ"
9026922,"Dallas, TX"
9012143,"Clearwater, FL"
9005162,"Syracuse, NY"
9005169,"Syracuse, NY"
9009730,"Raleigh, NC"
9004011,"Kendall Park, NJ"
9008459,"Richmond, VA"
9025156,"New Orleans, LA"
9011565,"Jacksonville, FL"
9004160,"Bronx, NY"
9004167,"Bronx, NY"
9015300,"Cleveland, OH"
9011554,"Jacksonville, FL"
9025143,"Westwego, LA"
9015311,"Cleveland Heights, OH"
9015336,"Bedford, OH"
9004158,"Bronx, NY"
9009155,"Martinsburg, WV"
9031665,"Frazier Park, CA"
9031718,"Bakersfield, CA"
9017277,"Kalamazoo, MI"
9016230,"Bourbon, IN"
9031546,"Laguna Hills, CA"
9010906,"Riverdale, GA"
9031251,"Walnut, CA"
9016352,"Fort Wayne, IN"
9026224,"Norman, OK"
9031229,"Rowland Heights, CA"
9003541,"Woodbridge, NJ"
9016943,"Detroit, MI"
9017199,"Dansville, MI"
9016904,"Taylor, MI"
9016878,"Inkster, MI"
9016866,"Dearborn, MI"
9016863,"Dearborn, MI"
9016899,"Romulus, MI"
9016985,"Pontiac, MI"
9016918,"Ypsilanti, MI"
9016909,"Westland, MI"
9017216,"Holt, MI"
9012200,"Winter Haven, FL"
9016864,"Dearborn, MI"
9017205,"Eaton Rapids, MI"
9032225,"Lodi, CA"
9012172,"Bartow, FL"
9016873,"Garden City, MI"
9017227,"Mason, MI"
9017263,"Lansing, MI"
9016982,"Farmington, MI"
9016860,"Carleton, MI"
9016906,"Trenton, MI"
9016896,"Pinckney, MI"
9016898,"Rockwood, MI"
9016987,"Pontiac, MI"
9017009,"Walled Lake, MI"
9016947,"River Rouge, MI"
9004066,"New York, NY"
9010379,"Lexington, SC"
9001980,"Boston, MA"
9001985,"Dorchester, MA"
9023080,"Cape Girardeau, MO"
9023054,"Cape Girardeau, MO"
9023053,"Cape Girardeau, MO"
9031761,"Acton, CA"
9016228,"Argos, IN"
9031168,"Santa Clarita, CA"
9028718,"Aurora, CO"
9031165,"Santa Clarita, CA"
9028821,"Boulder, CO"
9011810,"Orlando, FL"
9011789,"Orlando, FL"
9011779,"Winter Park, FL"
9011804,"Orlando, FL"
9011798,"Orlando, FL"
9030808,"Las Vegas, NV"
9003655,"River Vale, NJ"
9003419,"Torrington, CT"
9033519,"Centralia, WA"
9029401,"Pocatello, ID"
9025330,"Baker, LA"
9030244,"Tucson, AZ"
9030148,"Yuma, AZ"
9028304,"Lakeway, TX"
9002062,"Waltham, MA"
9029483,"Idaho Falls, ID"
9006891,"Pottsville, PA"
9007448,"Reading, PA"
9009157,"Bunker Hill, WV"
9025385,"Baton Rouge, LA"
9009158,"Charles Town, WV"
9008059,"Sabillasville, MD"
9027230,"Mansfield, TX"
9006284,"New Castle, PA"
9009164,"Hedgesville, WV"
9009154,"Martinsburg, WV"
9031754,"Santa Maria, CA"
9004413,"Ozone Park, NY"
9031617,"Camarillo, CA"
9016961,"Bloomfield Hills, MI"
9011802,"Orlando, FL"
9030220,"Vail, AZ"
9008060,"Sharpsburg, MD"
9027423,"Harker Heights, TX"
9016910,"Canton, MI"
9016907,"Wayne, MI"
9028734,"Bennett, CO"
9006984,"Allentown, PA"
9002277,"Nashua, NH"
9009100,"Saint Albans, WV"
9030452,"Albuquerque, NM"
9030453,"Albuquerque, NM"
9011409,"Thomasville, GA"
9031514,"Menifee, CA"
9030101,"Glendale, AZ"
9016859,"Brighton, MI"
9032735,"South Lake Tahoe, CA"
9004428,"Jamaica, NY"
9004073,"New York, NY"
9004472,"Arverne, NY"
9019522,"Inver Grove Heights, MN"
9008373,"Amelia Court House, VA"
9032730,"Tahoma, CA"
9028903,"Loveland, CO"
9004057,"New York, NY"
9018858,"Racine, WI"
9018860,"Racine, WI"
9021739,"Chicago, IL"
9018857,"Racine, WI"
9009309,"Weirton, WV"
9004434,"Albertson, NY"
9019543,"Saint Paul, MN"
9019661,"Minneapolis, MN"
9031497,"Hemet, CA"
9033255,"Bellevue, WA"
9029487,"Ashton, ID"
9015292,"Twinsburg, OH"
9015338,"Solon, OH"
9015304,"Cleveland, OH"
9053550,"Moreland, ID"
9004371,"Brooklyn, NY"
9033252,"Federal Way, WA"
9033330,"Seattle, WA"
9004356,"Brooklyn, NY"
9033284,"Lynnwood, WA"
9031498,"Hemet, CA"
9031512,"San Jacinto, CA"
9031500,"Homeland, CA"
9004250,"Yonkers, NY"
9004411,"Kew Gardens, NY"
9029500,"Rigby, ID"
9029499,"Rexburg, ID"
9004350,"Brooklyn, NY"
9016838,"Troy, MI"
9014963,"Columbus, OH"
9001948,"Cohasset, MA"
9005913,"Pittsburgh, PA"
9009166,"Kearneysville, WV"
9016908,"Westland, MI"
9017002,"Novi, MI"
9016857,"Belleville, MI"
9016978,"Waterford, MI"
9016973,"Keego Harbor, MI"
9016884,"Livonia, MI"
9016897,"Plymouth, MI"
9016895,"Farmington Hills, MI"
9016955,"Redford, MI"
9016939,"Detroit, MI"